Index,API,Score,Actual
1,0,0,1
2,0,0,1
3,0,0,1
4,0,0,1
5,0,0,1
6,0,0,1
7,0,0,1
8,0,9.7,1
9,0,0,1
10,0,0,1
11,0,0,1
12,0,0,1
13,0,0,1
14,1,67.62,1
15,0,30.26,1
16,0,0,1
17,0,0,1
18,0,0,1
19,0,0,1
20,0,0,1
21,0,0,1
22,0,0,1
23,0,0,1
24,0,0,1
25,0,0,1
26,0,0,1
27,1,64.41,1
28,0,0,1
29,0,0,1
30,0,0,1
31,0,0,1
32,0,0,1
33,0,0,1
34,0,43.45,1
35,0,28.73,1
36,0,0,1
37,0,0,1
38,0,0,1
39,0,0,1
40,0,0,1
41,0,0,1
42,0,0,1
43,0,0,1
44,0,0,1
45,0,0,1
46,0,20.75,1
47,0,0,1
48,0,0,1
49,0,37.2,1
50,1,70.07,1
51,0,0,1
52,0,0,1
53,0,0,1
54,0,0,1
55,0,0,1
56,0,0,1
57,0,0,1
58,0,0,1
59,0,0,1
60,0,12.86,1
61,0,23.03,1
62,0,0,1
63,0,0,1
64,0,0,1
65,0,23.38,1
66,0,0,1
67,0,0,1
68,0,27.48,1
69,0,0,1
70,0,0,1
71,0,8.4,1
72,0,0,1
73,0,0,1
74,0,10.57,1
75,0,0,1
76,0,0,1
77,0,31.13,1
78,0,0,1
79,0,0,1
80,0,0,1
81,0,0,1
82,0,0,1
83,0,0,1
84,0,0,1
85,0,39.04,1
86,0,27.91,1
87,0,0,1
88,0,0,1
89,0,0,1
90,0,26.37,1
91,0,0,1
92,0,18.22,1
93,0,0,1
94,0,0,1
95,0,46.13,1
96,0,0,1
97,0,0,1
98,1,52.82,1
99,0,12.52,1
100,0,0,1
101,0,49.7,1
102,0,0,1
103,0,0,1
104,0,0,1
105,0,0,1
106,0,49.7,1
107,0,0,1
108,0,0,1
109,0,39.7,1
110,0,0,1
111,0,0,1
112,0,8.03,1
113,0,0,1
114,0,41.37,1
115,0,0,1
116,1,100,1
117,0,0,1
118,0,0,1
119,0,0,1
120,0,0,1
121,0,0,1
122,0,0,1
123,0,0,1
124,0,0,1
125,0,0,1
126,0,0,1
127,0,0,1
128,0,0,1
129,0,0,1
130,0,0,1
131,0,19.27,1
132,0,0,1
133,0,39.04,1
134,0,41.21,1
135,0,0,1
136,0,13.03,1
137,0,0,1
138,0,0,1
139,0,48.09,1
140,0,0,1
141,0,0,1
142,1,68.93,1
143,0,0,1
144,0,0,1
145,0,0,1
146,0,30.81,1
147,0,0,1
148,0,0,1
149,0,38.59,1
150,0,0,1
151,0,0,1
152,0,0,1
153,0,0,1
154,0,0,1
155,0,44.14,1
156,0,42.56,1
157,0,0,1
158,0,40.88,1
159,0,37.73,1
160,0,0,1
161,0,0,1
162,0,0,1
163,0,0,1
164,0,0,1
165,0,0,1
166,0,0,1
167,0,28.65,1
168,0,28.51,1
169,0,0,1
170,0,0,1
171,0,28.27,1
172,0,24.09,1
173,0,34.84,1
174,0,6.84,1
175,0,0,1
176,0,0,1
177,0,0,1
178,0,0,1
179,0,0,1
180,0,0,1
181,0,0,1
182,0,27.2,1
183,0,0,1
184,0,0,1
185,0,23.23,1
186,0,23.23,1
187,0,0,1
188,0,0,1
189,0,0,1
190,0,0,1
191,0,0,1
192,0,0,1
193,1,55.08,1
194,0,12.86,1
195,0,0,1
196,0,45.35,1
197,0,35.18,1
198,0,0,1
199,0,0,1
200,0,35.6,1
201,0,33.99,1
202,0,39.7,1
203,1,67.7,1
204,0,42.2,1
205,0,0,1
206,0,0,1
207,0,0,1
208,0,0,1
209,0,0,1
210,0,23.23,1
211,0,0,1
212,0,0,1
213,0,33.03,1
214,0,21.32,1
215,1,56.52,1
216,0,0,1
217,0,42.25,1
218,0,0,1
219,0,0,1
220,0,32.31,1
221,0,27.96,1
222,0,0,1
223,0,23.38,1
224,0,0,1
225,0,32.13,1
226,0,30,1
227,0,32.2,1
228,0,0,1
229,0,0,1
230,0,0,1
231,0,0,1
232,0,0,1
233,0,0,1
234,0,0,1
235,0,0,1
236,0,0,1
237,0,0,1
238,0,0,1
239,0,0,1
240,1,51.31,1
241,0,0,1
242,0,0,1
243,0,0,1
244,0,42.12,1
245,0,0,1
246,0,0,1
247,0,0,1
248,0,0,1
249,0,0,1
250,0,0,1
251,0,0,1
252,0,0,1
253,0,38.41,1
254,0,0,1
255,0,0,1
256,0,18.75,1
257,0,0,1
258,0,0,1
259,0,0,1
260,0,0,1
261,0,0,1
262,0,0,1
263,0,23.38,1
264,0,44.86,1
265,0,14.85,1
266,0,0,1
267,0,0,1
268,0,21.92,1
269,0,26.78,1
270,0,0,1
271,0,0,1
272,0,0,1
273,1,67.27,1
274,0,30,1
275,0,37.88,1
276,0,33.03,1
277,1,62.2,1
278,0,23.84,1
279,0,18.16,1
280,0,0,1
281,0,0,1
282,0,0,1
283,1,68.45,1
284,1,62.97,1
285,0,0,1
286,0,49.7,1
287,0,0,1
288,0,0,1
289,0,0,1
290,0,0,1
291,0,40.88,1
292,0,0,1
293,0,0,1
294,0,13.99,1
295,0,0,1
296,0,0,1
297,0,48.18,1
298,0,0,1
299,0,0,1
300,0,0,1
301,0,0,1
302,0,0,1
303,0,0,1
304,0,0,1
305,0,33.03,1
306,0,0,1
307,0,0,1
308,0,27.48,1
309,0,0,1
310,0,36.54,1
311,0,0,1
312,0,0,1
313,0,3.09,1
314,0,0,1
315,0,0,1
316,1,54.25,1
317,1,57.39,1
318,0,0,1
319,0,0,1
320,0,0,1
321,0,0,1
322,0,44.86,1
323,0,0,1
324,0,0,1
325,0,22.2,1
326,0,0,1
327,0,44.14,1
328,0,0,1
329,0,0,1
330,1,56.15,1
331,0,0,1
332,0,0,1
333,0,0,1
334,1,58.52,1
335,1,53.36,1
336,0,0,1
337,1,62.66,1
338,0,41.37,1
339,0,6.74,1
340,0,34.7,1
341,0,0,1
342,0,0,1
343,0,31.28,1
344,0,23.38,1
345,0,0,1
346,0,45.15,1
347,0,44.86,1
348,0,5.41,1
349,0,0,1
350,0,0,1
351,0,0,1
352,0,38.41,1
353,0,3.96,1
354,0,0,1
355,0,0,1
356,0,0,1
357,0,0,1
358,0,0,1
359,0,0,1
360,0,0,1
361,0,38.59,1
362,1,56.84,1
363,0,18.75,1
364,0,22.43,1
365,0,0,1
366,1,51.31,1
367,0,0,1
368,0,0,1
369,0,0,1
370,1,54.87,1
371,0,0,1
372,0,42.94,1
373,1,67.88,1
374,0,0,1
375,0,0,1
376,0,0,1
377,0,0,1
378,0,21.92,1
379,0,0,1
380,0,36.06,1
381,0,0,1
382,0,0,1
383,0,37.94,1
384,0,0,1
385,0,39.7,1
386,0,24.7,1
387,0,0,1
388,1,94.44,1
389,0,0,1
390,0,0,1
391,0,22.34,1
392,0,0,1
393,0,0,1
394,0,0,1
395,0,0,1
396,0,0,1
397,0,25.89,1
398,0,0,1
399,0,0,1
400,0,0,1
401,0,14.79,1
402,0,0,1
403,0,0,1
404,0,0,1
405,0,0,1
406,0,5.26,1
407,0,26.46,1
408,0,0,1
409,1,53.99,1
410,0,0,1
411,0,0,1
412,0,0,1
413,1,64.14,1
414,0,37.94,1
415,0,17.23,1
416,0,0,1
417,1,86.19,1
418,0,15.98,1
419,0,0,1
420,0,0,1
421,0,11.6,1
422,0,0,1
423,1,56.84,1
424,0,22.78,1
425,0,0,1
426,0,0,1
427,0,26.73,1
428,0,0,1
429,0,0,1
430,0,0,1
431,0,0,1
432,1,68.18,1
433,0,0,1
434,0,0,1
435,0,33.66,1
436,1,87.82,1
437,1,62.37,1
438,0,0,1
439,0,36.91,1
440,0,20.83,1
441,0,45.15,1
442,0,24.86,1
443,0,0,1
444,0,37.42,1
445,0,0,1
446,1,67.88,1
447,1,54.7,1
448,0,0,1
449,0,44.7,1
450,1,54.42,1
451,0,22.67,1
452,1,85.91,1
453,0,0,1
454,1,81.84,1
455,0,0,1
456,1,71.98,1
457,0,0,1
458,0,4.15,1
459,1,71,1
460,0,41.03,1
461,0,40.75,1
462,0,28.87,1
463,0,0,1
464,0,29.11,1
465,0,38.37,1
466,0,0,1
467,0,48.18,1
468,0,0,1
469,0,17.56,1
470,0,0,1
471,0,0,1
472,0,14.19,1
473,0,0,1
474,0,0,1
475,0,20.39,1
476,0,0,1
477,0,23.38,1
478,0,9.22,1
479,0,26.12,1
480,0,43.93,1
481,0,4.05,1
482,0,0,1
483,0,0,1
484,0,12.47,1
485,1,69.34,1
486,0,12.2,1
487,0,0,1
488,0,11.82,1
489,0,0,1
490,0,0,1
491,0,0,1
492,0,45.73,1
493,0,20.11,1
494,0,34.89,1
495,0,43.89,1
496,0,0,1
497,0,26.53,1
498,0,26.78,1
499,0,0,1
500,0,31.13,1
501,0,38,1
502,0,0,1
503,0,0,1
504,0,0,1
505,0,31.13,1
506,0,35.7,1
507,0,0,1
508,0,16.89,1
509,0,0,1
510,0,0,1
511,0,19,1
512,0,0,1
513,0,0,1
514,0,31.61,1
515,0,38.16,1
516,0,32.43,1
517,0,28.27,1
518,1,94.78,1
519,0,13.34,1
520,0,28.47,1
521,0,39.7,1
522,0,19.7,1
523,1,95.29,1
524,0,13.34,1
525,0,23.38,1
526,0,17.88,1
527,0,0,1
528,0,28.73,1
529,0,46.04,1
530,0,41.89,1
531,0,0,1
532,0,17.48,1
533,0,0,1
534,0,0,1
535,0,25.34,1
536,0,29.01,1
537,0,0,1
538,1,83.03,1
539,0,33.03,1
540,0,33.03,1
541,0,21.92,1
542,1,52.82,1
543,0,13.03,1
544,0,0,1
545,1,71.44,1
546,0,0,1
547,1,50.61,1
548,1,55.26,1
549,0,0,1
550,0,0,1
551,0,7.39,1
552,0,0,1
553,0,0,1
554,0,0,1
555,0,15.92,1
556,0,26.97,1
557,1,59.7,1
558,1,71.92,1
559,0,0,1
560,0,22.78,1
561,0,47.43,1
562,0,42.12,1
563,0,0,1
564,0,7.25,1
565,0,42.94,1
566,1,73.03,1
567,0,42.12,1
568,0,21.92,1
569,0,0,1
570,0,0,1
571,0,13.65,1
572,0,24.09,1
573,1,56.3,1
574,0,0,1
575,0,8.21,1
576,0,29.43,1
577,0,0,1
578,0,0,1
579,0,12.32,1
580,0,0,1
581,0,27.64,1
582,0,0,1
583,0,28.06,1
584,0,0,1
585,0,28.49,1
586,0,0,1
587,1,64.11,1
588,0,0,1
589,1,71.4,1
590,0,0,1
591,0,21.92,1
592,0,15.26,1
593,0,0,1
594,0,21.92,1
595,0,36.6,1
596,0,0,1
597,0,29.39,1
598,0,0,1
599,0,31.37,1
600,0,0,1
601,0,29.39,1
602,0,0,1
603,0,20.01,1
604,0,0,1
605,0,20.01,1
606,0,0,1
607,0,41.87,1
608,1,55.58,1
609,0,39.93,1
610,0,0,1
611,0,44.53,1
612,0,0,1
613,0,27.77,1
614,0,48.82,1
615,0,27.77,1
616,0,34.99,1
617,0,30.73,1
618,0,0,1
619,0,29.21,1
620,0,0,1
621,0,19.21,1
622,0,0,1
623,0,0,1
624,0,18.3,1
625,1,79.15,1
626,0,18.27,1
627,0,36.21,1
628,0,0,1
629,0,18.27,1
630,1,93.18,1
631,0,13.38,1
632,0,0,1
633,0,0,1
634,0,18.34,1
635,0,0,1
636,0,18.34,1
637,0,0,1
638,1,54.42,1
639,1,87.94,1
640,1,57.39,1
641,0,20.33,1
642,0,25.28,1
643,0,18.54,1
644,0,30.26,1
645,1,64.78,1
646,0,45.65,1
647,0,48.03,1
648,0,0,1
649,0,9.87,1
650,0,0,1
651,0,41.95,1
652,0,22.43,1
653,1,56.56,1
654,1,53.36,1
655,0,0,1
656,0,36.95,1
657,0,0,1
658,0,0,1
659,0,30.35,1
660,0,0,1
661,0,0,1
662,0,31.37,1
663,0,0,1
664,0,0,1
665,0,15.88,1
666,0,15.22,1
667,0,0,1
668,0,15.88,1
669,0,16.37,1
670,0,0,1
671,1,67.39,1
672,0,44.14,1
673,1,72.01,1
674,0,45.53,1
675,1,50.55,1
676,0,0,1
677,0,39.7,1
678,1,81.63,1
679,0,0,1
680,1,55.76,1
681,0,0,1
682,1,59.4,1
683,0,41.08,1
684,1,55.76,1
685,0,0,1
686,0,33.03,1
687,1,68.71,1
688,0,45.15,1
689,0,0,1
690,0,20.01,1
691,1,58.63,1
692,0,37.58,1
693,1,57.7,1
694,0,16.12,1
695,1,63.59,1
696,0,14.98,1
697,1,57.76,1
698,0,26.23,1
699,0,0,1
700,0,28.59,1
701,1,81.84,1
702,0,26.23,1
703,0,0,1
704,1,57.76,1
705,0,0,1
706,1,56.46,1
707,1,54.54,1
708,0,0,1
709,0,0,1
710,0,23.94,1
711,0,0,1
712,0,49.7,1
713,0,0,1
714,0,12.6,1
715,0,0,1
716,0,35.18,1
717,0,0,1
718,0,0,1
719,0,13.03,1
720,0,0,1
721,0,0,1
722,0,46.76,1
723,0,0,1
724,0,0,1
725,0,7.11,1
726,0,0,1
727,0,0,1
728,0,0,1
729,0,0,1
730,0,0,1
731,0,0,1
732,1,73.03,1
733,0,14.7,1
734,0,38,1
735,0,26.17,1
736,0,0,1
737,0,12.52,1
738,0,12.52,1
739,0,11.6,1
740,1,51.55,1
741,0,0,1
742,0,0,1
743,0,0,1
744,0,0,1
745,0,0,1
746,0,36.54,1
747,0,15.92,1
748,0,0,1
749,0,0,1
750,0,25.51,1
751,0,0,1
752,0,0,1
753,0,33.03,1
754,0,0,1
755,0,22.2,1
756,0,0,1
757,0,0,1
758,0,0,1
759,0,0,1
760,1,74.7,1
761,0,0,1
762,1,81.7,1
763,1,60.12,1
764,0,34.84,1
765,0,0,1
766,0,0,1
767,0,0,1
768,0,49.7,1
769,0,0,1
770,0,0,1
771,0,0,1
772,0,0,1
773,0,0,1
774,1,74.28,1
775,0,25.79,1
776,1,54.05,1
777,0,42.12,1
778,1,59.7,1
779,0,0,1
780,0,12.2,1
781,0,0,1
782,1,50.98,1
783,0,39.23,1
784,0,30.65,1
785,0,44.7,1
786,1,94.29,1
787,0,22.96,1
788,0,44.8,1
789,1,64.14,1
790,0,31.75,1
791,0,0,1
792,1,51.87,1
793,1,58.03,1
794,0,47.7,1
795,0,42.8,1
796,0,0,1
797,1,58.24,1
798,0,20.07,1
799,0,0,1
800,0,0,1
801,0,24.7,1
802,0,0,1
803,0,0,1
804,0,0,1
805,1,78.27,1
806,0,0,1
807,0,0,1
808,0,0,1
809,1,70.67,1
810,0,41.21,1
811,0,0,1
812,0,0,1
813,0,0,1
814,1,63.99,1
815,0,0,1
816,0,18.3,1
817,0,0,1
818,0,0,1
819,0,15.66,1
820,0,0,1
821,0,19.7,1
822,0,0,1
823,0,15.83,1
824,0,27.29,1
825,0,0,1
826,0,0,1
827,0,31.96,1
828,0,0,1
829,0,0,1
830,0,0,1
831,0,21.13,1
832,0,0,1
833,0,0,1
834,0,0,1
835,0,0,1
836,0,0,1
837,0,0,1
838,0,0,1
839,0,0,1
840,0,0,1
841,0,30,1
842,0,0,1
843,0,16.57,1
844,0,0,1
845,0,0,1
846,1,100,1
847,0,0,1
848,0,0,1
849,1,53.55,1
850,1,70.67,1
851,0,0,1
852,0,20.04,1
853,0,0,1
854,0,0,1
855,0,0,1
856,1,80.95,1
857,0,0,1
858,0,47.78,1
859,1,56.22,1
860,0,43.89,1
861,0,0,1
862,0,0,1
863,0,20.53,1
864,0,49.7,1
865,0,0,1
866,0,25.28,1
867,0,0,1
868,0,0,1
869,0,49.7,1
870,0,0,1
871,0,20.53,1
872,0,0,1
873,0,0,1
874,0,0,1
875,0,0,1
876,0,0,1
877,0,0,1
878,1,57.76,1
879,0,20.33,1
880,0,38.83,1
881,0,35.26,1
882,0,24.02,1
883,0,32.2,1
884,0,20.15,1
885,0,16.37,1
886,0,0,1
887,0,0,1
888,0,38.59,1
889,0,10.61,1
890,0,14.41,1
891,0,22.2,1
892,0,0,1
893,0,36.06,1
894,0,0,1
895,0,0,1
896,0,0,1
897,1,60.31,1
898,0,0,1
899,0,0,1
900,0,0,1
901,0,0,1
902,0,0,1
903,0,0,1
904,0,0,1
905,0,39.7,1
906,0,0,1
907,0,0,1
908,0,0,1
909,1,68.45,1
910,0,0,1
911,0,0,1
912,0,0,1
913,0,0,1
914,0,0,1
915,0,0,1
916,0,5.26,1
917,0,17.88,1
918,0,0,1
919,1,59.7,1
920,0,0,1
921,0,0,1
922,0,0,1
923,0,0,1
924,0,0,1
925,0,0,1
926,0,0,1
927,0,0,1
928,0,38.59,1
929,0,15.08,1
930,0,0,1
931,1,58.03,1
932,0,36.06,1
933,0,0,1
934,0,0,1
935,0,0,1
936,0,49.7,1
937,0,0,1
938,0,0,1
939,0,0,1
940,0,0,1
941,0,6.84,1
942,0,39.7,1
943,0,0,1
944,0,0,1
945,0,15.92,1
946,0,0,1
947,0,17.56,1
948,0,0,1
949,0,0,1
950,0,0,1
951,0,0,1
952,0,0,1
953,0,27.29,1
954,0,0,1
955,0,0,1
956,0,28.27,1
957,0,0,1
958,0,0,1
959,1,59.7,1
960,0,38.94,1
961,0,26.49,1
962,0,0,1
963,1,80.99,1
964,0,39.7,1
965,0,43.89,1
966,0,0,1
967,0,34.39,1
968,0,25.51,1
969,0,0,1
970,0,44.98,1
971,1,88.38,1
972,0,20.21,1
973,0,45.65,1
974,0,0,1
975,0,36.43,1
976,0,0,1
977,0,32.39,1
978,0,0,1
979,0,0,1
980,0,0,1
981,0,0,1
982,0,11.24,1
983,0,47.07,1
984,0,15.83,1
985,1,82.78,1
986,0,40.81,1
987,0,12.2,1
988,0,0,1
989,0,41.7,1
990,0,0,1
991,0,22.15,1
992,0,15.92,1
993,0,5.26,1
994,0,20.63,1
995,0,33.03,1
996,0,13.34,1
997,0,40.44,1
998,1,55.8,1
999,0,0,1
1000,0,44.28,1
1001,0,12.74,1
1002,0,0,1
1003,1,62.52,1
1004,0,7.59,1
1005,1,55.26,1
1006,0,32.09,1
1007,0,19.45,1
1008,0,46.58,1
1009,0,0,1
1010,0,0,1
1011,0,0,1
1012,0,0,1
1013,0,0,1
1014,0,0,1
1015,0,0,1
1016,0,11.02,1
1017,0,0,1
1018,0,0,1
1019,0,0,1
1020,0,0,1
1021,1,66.76,1
1022,0,0,1
1023,1,65.88,1
1024,1,81.59,1
1025,0,0,1
1026,1,69.36,1
1027,0,0,1
1028,0,43.45,1
1029,0,21.92,1
1030,0,0,1
1031,1,52.2,1
1032,0,47.43,1
1033,0,0,1
1034,1,75.79,1
1035,0,0,1
1036,1,94.48,1
1037,1,85.07,1
1038,1,88.95,1
1039,0,0,1
1040,0,34.18,1
1041,0,0,1
1042,0,33.48,1
1043,0,0,1
1044,0,2.78,1
1045,0,0,1
1046,0,47.53,1
1047,0,15.57,1
1048,0,15.7,1
1049,0,0,1
1050,0,46.76,1
1051,1,69.91,1
1052,0,40.08,1
1053,0,4.58,1
1054,1,71.85,1
1055,0,0,1
1056,0,42.32,1
1057,0,0,1
1058,1,80.09,1
1059,0,0,1
1060,0,36.93,1
1061,0,0,1
1062,0,0,1
1063,0,30.81,1
1064,1,89.47,1
1065,0,0,1
1066,0,15.83,1
1067,0,0,1
1068,0,24.32,1
1069,0,41.13,1
1070,0,49.7,1
1071,0,0,1
1072,0,10.61,1
1073,1,58.84,1
1074,0,49.7,1
1075,0,0,1
1076,0,10.09,1
1077,0,0,1
1078,0,0,1
1079,0,0,1
1080,0,32.23,1
1081,1,63.99,1
1082,1,89.78,1
1083,0,0,1
1084,1,61.37,1
1085,0,33.55,1
1086,1,56.3,1
1087,0,46.25,1
1088,0,29.01,1
1089,0,0,1
1090,0,24.7,1
1091,0,0,1
1092,1,59.32,1
1093,0,22.43,1
1094,0,0,1
1095,0,36.06,1
1096,0,0,1
1097,0,0,1
1098,1,72.54,1
1099,0,35.18,1
1100,0,0,1
1101,1,56.48,1
1102,0,34.7,1
1103,0,27.82,1
1104,0,48.88,1
1105,1,94.99,1
1106,0,0,1
1107,0,24.57,1
1108,0,15.61,1
1109,1,63.8,1
1110,1,63.26,1
1111,1,53.11,1
1112,0,0,1
1113,1,64.85,1
1114,1,87.04,1
1115,0,0,1
1116,0,33.03,1
1117,1,60.88,1
1118,0,0,1
1119,0,16.05,1
1120,0,9.19,1
1121,0,34.64,1
1122,1,82.72,1
1123,0,44.34,1
1124,0,0,1
1125,0,0,1
1126,0,0,1
1127,0,43.03,1
1128,0,0,1
1129,0,41.95,1
1130,1,63.8,1
1131,1,64.64,1
1132,0,0,1
1133,1,65.01,1
1134,0,23.1,1
1135,0,0,1
1136,1,61.9,1
1137,1,66.89,1
1138,1,92.01,1
1139,1,50.13,0
1140,0,41.49,0
1141,1,79.57,0
1142,0,48.66,0
1143,0,37.2,0
1144,1,56.49,0
1145,0,16.84,0
1146,0,0,0
1147,1,88.59,0
1148,1,62.2,0
1149,1,60.74,0
1150,0,37.4,0
1151,0,40.68,0
1152,0,17.88,0
1153,0,17.24,0
1154,0,0,0
1155,0,0,0
1156,0,0,0
1157,0,24.14,0
1158,1,65.29,0
1159,0,43.75,0
1160,0,0,0
1161,0,45.15,0
1162,0,25.79,0
1163,1,54.92,0
1164,0,0,0
1165,1,56.22,0
1166,0,46.08,0
1167,0,0,0
1168,0,43.84,0
1169,0,49.7,0
1170,0,0,0
1171,0,40.41,0
1172,1,51.51,0
1173,0,0,0
1174,0,40.77,0
1175,0,37.33,0
1176,0,0,0
1177,0,43.64,0
1178,0,43.18,0
1179,0,0,0
1180,0,48.85,0
1181,0,21.73,0
1182,0,0,0
1183,1,54.7,0
1184,0,0,0
1185,0,0,0
1186,1,60.64,0
1187,0,0,0
1188,0,0,0
1189,0,0,0
1190,0,0,0
1191,0,30.69,0
1192,0,22.78,0
1193,0,0,0
1194,0,17.51,0
1195,0,26.17,0
1196,0,0,0
1197,1,54.87,0
1198,1,70.29,0
1199,1,69.31,0
1200,1,65.7,0
1201,1,90.74,0
1202,0,0,0
1203,0,15.67,0
1204,1,88.43,0
1205,1,59.08,0
1206,0,29.7,0
1207,0,49.7,0
1208,0,0,0
1209,0,0,0
1210,0,0,0
1211,0,0,0
1212,1,52.56,0
1213,0,0,0
1214,1,57.33,0
1215,1,69.14,0
1216,0,29.49,0
1217,0,42.38,0
1218,0,37.2,0
1219,0,0,0
1220,0,43.6,0
1221,1,100,0
1222,1,91.64,0
1223,0,0,0
1224,0,18.78,0
1225,0,0,0
1226,1,70.67,0
1227,0,44.8,0
1228,1,54.25,0
1229,0,41.08,0
1230,0,0,0
1231,1,67.05,0
1232,0,34.93,0
1233,0,0,0
1234,1,76.06,0
1235,0,0,0
1236,0,48.77,0
1237,0,26.17,0
1238,1,68.93,0
1239,1,58.03,0
1240,1,59.96,0
1241,1,61.84,0
1242,0,0,0
1243,1,63.76,0
1244,0,37.38,0
1245,0,0,0
1246,1,81.94,0
1247,1,80.09,0
1248,0,46.37,0
1249,0,21.78,0
1250,0,0,0
1251,0,9.45,0
1252,0,0,0
1253,0,0,0
1254,0,40.15,0
1255,1,96.19,0
1256,1,51.94,0
1257,0,0,0
1258,0,0,0
1259,1,68.45,0
1260,0,34.79,0
1261,1,76.23,0
1262,0,0,0
1263,1,70.91,0
1264,0,30.06,0
1265,1,76.23,0
1266,0,0,0
1267,0,10.09,0
1268,0,0,0
1269,0,0,0
1270,0,32.23,0
1271,1,86.54,0
1272,1,93.51,0
1273,0,0,0
1274,1,65.88,0
1275,0,34.08,0
1276,0,27.91,0
1277,0,46.25,0
1278,0,26.97,0
1279,0,23.7,0
1280,0,0,0
1281,0,0,0
1282,0,40.61,0
1283,0,30.73,0
1284,0,34.48,0
1285,0,43.93,0
1286,0,34.89,0
1287,1,75.01,0
1288,0,23.91,0
1289,1,61.53,0
1290,0,0,0
1291,0,24.47,0
1292,0,13.99,0
1293,1,89.36,0
1294,0,23.03,0
1295,1,90.7,0
1296,1,81.96,0
1297,1,74.88,0
1298,0,39.41,0
1299,1,64.85,0
1300,1,87.46,0
1301,0,39.09,0
1302,0,23.97,0
1303,0,10.88,0
1304,0,34.43,0
1305,1,67.95,0
1306,0,37.7,0
1307,0,26.97,0
1308,1,56.15,0
1309,0,0,0
1310,0,40.44,0
1311,0,47.59,0
1312,1,61.13,0
1313,0,0,0
1314,0,35.49,0
1315,0,42.56,0
1316,0,0,0
1317,0,20.98,0
1318,0,0,0
1319,1,54.25,0
1320,1,67.35,0
1321,0,0,0
1322,1,68.18,0
1323,0,0,0
1324,0,0,0
1325,0,43.23,0
1326,1,74.14,0
1327,1,71.13,0
1328,0,36.91,0
1329,0,22.09,0
1330,0,42.56,0
1331,0,24.86,0
1332,0,0,0
1333,0,13.65,0
1334,0,0,0
1335,1,67.88,0
1336,1,54.96,0
1337,0,39.7,0
1338,0,49.7,0
1339,1,56.06,0
1340,1,76.26,0
1341,1,94.94,0
1342,0,9.11,0
1343,1,79.7,0
1344,1,72.07,0
1345,1,69.22,0
1346,0,16.84,0
1347,0,0,0
1348,0,4.15,0
1349,1,57.37,0
1350,0,0,0
1351,0,40.75,0
1352,0,48.54,0
1353,0,30.81,0
1354,0,18.67,0
1355,0,31.61,0
1356,0,34.99,0
1357,0,0,0
1358,0,0,0
1359,0,0,0
1360,0,0,0
1361,0,15.08,0
1362,0,0,0
1363,0,0,0
1364,0,0,0
1365,0,0,0
1366,0,0,0
1367,0,0,0
1368,0,9.22,0
1369,0,26.12,0
1370,0,41.52,0
1371,0,36.66,0
1372,0,0,0
1373,0,0,0
1374,0,9.22,0
1375,0,39.32,0
1376,0,0,0
1377,0,0,0
1378,0,0,0
1379,0,0,0
1380,0,0,0
1381,0,0,0
1382,0,0,0
1383,0,0,0
1384,0,0,0
1385,0,0,0
1386,0,23.23,0
1387,0,0,0
1388,1,72.25,0
1389,0,27.2,0
1390,0,48.48,0
1391,0,0,0
1392,0,35.18,0
1393,0,40.52,0
1394,0,0,0
1395,0,0,0
1396,0,0,0
1397,0,35.18,0
1398,0,40.52,0
1399,0,0,0
1400,0,23.61,0
1401,0,0,0
1402,0,0,0
1403,0,19,0
1404,0,0,0
1405,0,0,0
1406,0,0,0
1407,0,4.58,0
1408,0,32.46,0
1409,0,0,0
1410,0,46.37,0
1411,1,61.77,0
1412,0,0,0
1413,0,0,0
1414,0,27.1,0
1415,0,9.13,0
1416,0,0,0
1417,1,77.75,0
1418,0,0,0
1419,0,0,0
1420,0,0,0
1421,0,12.2,0
1422,0,0,0
1423,1,55.06,0
1424,0,0,0
1425,0,0,0
1426,0,0,0
1427,0,0,0
1428,0,0,0
1429,0,0,0
1430,0,0,0
1431,0,47.32,0
1432,0,0,0
1433,0,0,0
1434,1,56.11,0
1435,0,17.35,0
1436,0,0,0
1437,0,0,0
1438,0,43.89,0
1439,0,0,0
1440,0,0,0
1441,0,0,0
1442,0,26.53,0
1443,0,0,0
1444,0,46.51,0
1445,1,69.88,0
1446,0,0,0
1447,0,0,0
1448,0,0,0
1449,0,0,0
1450,0,0,0
1451,1,82.7,0
1452,0,0,0
1453,0,0,0
1454,0,0,0
1455,0,15.26,0
1456,0,47.32,0
1457,0,31.52,0
1458,0,0,0
1459,0,22.78,0
1460,1,50.92,0
1461,0,39.7,0
1462,0,0,0
1463,0,0,0
1464,0,38.83,0
1465,0,39.7,0
1466,0,0,0
1467,0,0,0
1468,0,0,0
1469,0,0,0
1470,0,19.14,0
1471,0,17.48,0
1472,0,30.13,0
1473,1,100,0
1474,0,0,0
1475,0,26.23,0
1476,0,22.34,0
1477,0,0,0
1478,0,11.46,0
1479,0,0,0
1480,0,26.17,0
1481,0,0,0
1482,0,27.25,0
1483,0,0,0
1484,0,26.17,0
1485,0,0,0
1486,1,53.87,0
1487,0,0,0
1488,1,53.87,0
1489,0,0,0
1490,0,21.92,0
1491,0,0,0
1492,0,21.92,0
1493,0,21.44,0
1494,0,20.01,0
1495,0,0,0
1496,0,21.37,0
1497,0,0,0
1498,0,20.01,0
1499,0,0,0
1500,0,22.51,0
1501,0,0,0
1502,0,22.51,0
1503,0,0,0
1504,0,22.78,0
1505,0,0,0
1506,0,33.03,0
1507,0,0,0
1508,0,22.09,0
1509,0,0,0
1510,0,27.77,0
1511,0,48.82,0
1512,0,27.77,0
1513,0,31.7,0
1514,0,0,0
1515,0,0,0
1516,0,18.34,0
1517,0,0,0
1518,0,0,0
1519,0,0,0
1520,0,0,0
1521,0,43.23,0
1522,0,0,0
1523,0,18.27,0
1524,0,35.32,0
1525,0,0,0
1526,0,18.27,0
1527,1,63.11,0
1528,0,12.14,0
1529,0,0,0
1530,0,0,0
1531,0,18.34,0
1532,0,0,0
1533,0,18.34,0
1534,0,0,0
1535,1,63.34,0
1536,1,80.83,0
1537,0,36.74,0
1538,0,20.01,0
1539,0,0,0
1540,0,21.37,0
1541,0,49.7,0
1542,1,63.76,0
1543,0,0,0
1544,0,9.87,0
1545,0,0,0
1546,0,10.41,0
1547,0,0,0
1548,0,30.35,0
1549,1,94.14,0
1550,1,56.56,0
1551,0,0,0
1552,0,0,0
1553,0,36.95,0
1554,1,95.26,0
1555,0,30.35,0
1556,0,0,0
1557,0,0,0
1558,0,29.39,0
1559,0,0,0
1560,0,0,0
1561,0,15.88,0
1562,0,0,0
1563,0,0,0
1564,0,15.88,0
1565,0,0,0
1566,0,0,0
1567,1,66.89,0
1568,0,0,0
1569,1,65.27,0
1570,0,0,0
1571,1,62.41,0
1572,0,0,0
1573,0,20.48,0
1574,1,62.56,0
1575,0,0,0
1576,0,38.88,0
1577,0,0,0
1578,0,39.7,0
1579,0,26.78,0
1580,0,38.88,0
1581,0,0,0
1582,0,14.47,0
1583,1,64.32,0
1584,0,24.7,0
1585,0,0,0
1586,0,17.27,0
1587,1,55.26,0
1588,0,18.82,0
1589,1,88.16,0
1590,0,15.41,0
1591,1,55.8,0
1592,0,14.37,0
1593,0,49.7,0
1594,0,48.64,0
1595,0,0,0
1596,1,50.81,0
1597,0,27.7,0
1598,0,48.64,0
1599,1,90.7,0
1600,1,95.26,0
1601,0,0,0
1602,0,0,0
1603,0,0,0
1604,0,0,0
1605,1,95.26,0
1606,0,0,0
1607,0,35.7,0
1608,0,0,0
1609,1,63.59,0
1610,0,0,0
1611,0,0,0
1612,0,0,0
1613,0,0,0
1614,0,0,0
1615,0,0,0
1616,0,0,0
1617,0,0,0
1618,1,95.49,0
1619,0,42.56,0
1620,0,0,0
1621,0,0,0
1622,0,0,0
1623,1,95.26,0
1624,0,0,0
1625,0,0,0
1626,0,0,0
1627,0,0,0
1628,0,0,0
1629,0,0,0
1630,0,0,0
1631,1,88.59,0
1632,0,0,0
1633,0,0,0
1634,0,0,0
1635,0,0,0
1636,1,95.3,0
1637,0,24.7,0
1638,0,0,0
1639,0,17.56,0
1640,0,0,0
1641,0,0,0
1642,0,0,0
1643,1,95.26,0
1644,0,17.35,0
1645,0,0,0
1646,0,35.18,0
1647,0,0,0
1648,0,0,0
1649,1,90.61,0
1650,0,14.22,0
1651,0,0,0
1652,1,95.35,0
1653,0,18.45,0
1654,0,0,0
1655,0,0,0
1656,0,0,0
1657,0,26.73,0
1658,0,0,0
1659,0,0,0
1660,0,0,0
1661,0,33.91,0
1662,0,40.32,0
1663,0,0,0
1664,1,86.66,0
1665,0,0,0
1666,0,0,0
1667,0,0,0
1668,0,0,0
1669,1,95.26,0
1670,0,0,0
1671,0,0,0
1672,0,0,0
1673,0,28.97,0
1674,0,0,0
1675,0,0,0
1676,0,0,0
1677,1,93.03,0
1678,0,18.45,0
1679,0,0,0
1680,0,43.7,0
1681,0,0,0
1682,0,36.74,0
1683,0,25.41,0
1684,0,30.95,0
1685,0,0,0
1686,0,0,0
1687,0,0,0
1688,0,0,0
1689,1,95.49,0
1690,0,28.27,0
1691,0,0,0
1692,0,0,0
1693,0,17.56,0
1694,0,0,0
1695,0,0,0
1696,0,0,0
1697,1,95.35,0
1698,1,72.04,0
1699,0,21.52,0
1700,0,0,0
1701,0,0,0
1702,0,0,0
1703,0,0,0
1704,0,0,0
1705,0,0,0
1706,0,0,0
1707,1,93.03,0
1708,0,19.05,0
1709,0,0,0
1710,0,0,0
1711,1,93.03,0
1712,0,21.13,0
1713,0,23.23,0
1714,0,0,0
1715,0,0,0
1716,0,10.23,0
1717,0,0,0
1718,0,0,0
1719,0,0,0
1720,0,21.44,0
1721,0,0,0
1722,0,48.59,0
1723,0,0,0
1724,0,0,0
1725,0,0,0
1726,0,0,0
1727,0,0,0
1728,0,0,0
1729,0,0,0
1730,0,0,0
1731,0,44.53,0
1732,0,0,0
1733,0,0,0
1734,0,0,0
1735,0,0,0
1736,0,0,0
1737,0,0,0
1738,1,81.7,0
1739,0,34.7,0
1740,0,0,0
1741,1,95.26,0
1742,0,17.35,0
1743,0,0,0
1744,0,41.64,0
1745,0,0,0
1746,0,0,0
1747,1,95.35,0
1748,0,0,0
1749,0,0,0
1750,0,0,0
1751,0,0,0
1752,0,0,0
1753,0,28.27,0
1754,1,95.3,0
1755,1,83.91,0
1756,0,0,0
1757,0,0,0
1758,0,24.7,0
1759,0,0,0
1760,0,0,0
1761,0,0,0
1762,1,95.35,0
1763,0,25.34,0
1764,0,0,0
1765,0,0,0
1766,0,0,0
1767,1,95.26,0
1768,0,49.7,0
1769,0,0,0
1770,0,0,0
1771,0,0,0
1772,0,0,0
1773,0,35.7,0
1774,1,95.35,0
1775,0,36.06,0
1776,0,16.37,0
1777,0,0,0
1778,0,0,0
1779,1,93.03,0
1780,0,21.13,0
1781,0,0,0
1782,0,38.99,0
1783,0,0,0
1784,1,95.26,0
1785,0,19.7,0
1786,0,0,0
1787,0,31.41,0
1788,0,0,0
1789,1,95.26,0
1790,0,6.05,0
1791,0,0,0
1792,0,0,0
1793,1,95.35,0
1794,0,26.73,0
1795,0,0,0
1796,0,0,0
1797,0,38.59,0
1798,0,0,0
1799,0,0,0
1800,0,0,0
1801,0,0,0
1802,1,93.03,0
1803,0,18.45,0
1804,0,0,0
1805,0,0,0
1806,0,0,0
1807,1,93.03,0
1808,0,21.13,0
1809,0,0,0
1810,0,0,0
1811,0,0,0
1812,0,0,0
1813,0,0,0
1814,0,0,0
1815,0,0,0
1816,0,0,0
1817,0,0,0
1818,0,0,0
1819,0,0,0
1820,0,0,0
1821,0,0,0
1822,0,15.92,0
1823,0,15.49,0
1824,0,0,0
1825,1,100,0
1826,1,55.06,0
1827,0,0,0
1828,1,74.7,0
1829,0,37.2,0
1830,0,0,0
1831,1,60.57,0
1832,1,84.08,0
1833,0,0,0
1834,1,100,0
1835,1,93.58,0
1836,1,79.01,0
1837,1,51.09,0
1838,0,0,0
1839,1,100,0
1840,0,11.82,0
1841,0,34.18,0
1842,1,100,0
1843,0,18.57,0
1844,0,27.29,0
1845,0,0,0
1846,1,93.82,0
1847,1,77.75,0
1848,1,72.11,0
1849,1,77.48,0
1850,0,24.7,0
1851,0,20.91,0
1852,0,15.7,0
1853,1,70.29,0
1854,0,0,0
1855,1,94.14,0
1856,1,59.7,0
1857,1,55.26,0
1858,0,15.32,0
1859,0,21.92,0
1860,1,59.7,0
1861,0,0,0
1862,0,0,0
1863,0,0,0
1864,0,0,0
1865,0,0,0
1866,0,28.27,0
1867,1,100,0
1868,0,30.73,0
1869,0,16.37,0
1870,0,49.7,0
1871,0,33.99,0
1872,0,0,0
1873,0,0,0
1874,1,60.81,0
1875,0,28.79,0
1876,0,44.14,0
1877,1,50.49,0
1878,0,0,0
1879,1,58.96,0
1880,1,56.42,0
1881,0,0,0
1882,1,69.7,0
1883,0,39.38,0
1884,0,0,0
1885,0,0,0
1886,0,0,0
1887,1,100,0
1888,0,31.96,0
1889,0,47.7,0
1890,0,33.99,0
1891,0,0,0
1892,0,0,0
1893,1,63.8,0
1894,0,40.38,0
1895,0,0,0
1896,0,23.94,0
1897,0,47.75,0
1898,0,0,0
1899,0,26.97,0
1900,1,65.74,0
1901,0,24.7,0
1902,0,0,0
1903,1,77.06,0
1904,0,13.99,0
1905,0,0,0
1906,0,0,0
1907,0,0,0
1908,0,23.7,0
1909,0,0,0
1910,0,0,0
1911,0,0,0
1912,0,0,0
1913,1,80.35,0
1914,0,0,0
1915,0,0,0
1916,0,0,0
1917,0,0,0
1918,0,0,0
1919,0,25.79,0
1920,0,0,0
1921,0,0,0
1922,0,0,0
1923,0,31.96,0
1924,1,66.37,0
1925,1,58.4,0
1926,1,64.82,0
1927,1,93.45,0
1928,0,34.99,0
1929,0,0,0
1930,0,31.28,0
1931,0,0,0
1932,0,0,0
1933,0,0,0
1934,0,0,0
1935,0,17.35,0
1936,0,0,0
1937,1,68.93,0
1938,1,95.44,0
1939,0,0,0
1940,1,83.91,0
1941,1,71.13,0
1942,1,100,0
1943,0,37.2,0
1944,0,43.77,0
1945,0,0,0
1946,1,100,0
1947,1,62.41,0
1948,1,100,0
1949,1,100,0
1950,0,37.2,0
1951,0,11.82,0
1952,0,36.06,0
1953,0,17.51,0
1954,0,0,0
1955,1,61.24,0
1956,0,38.48,0
1957,0,5.41,0
1958,0,0,0
1959,0,0,0
1960,0,0,0
1961,0,0,0
1962,0,0,0
1963,0,0,0
1964,0,40.24,0
1965,0,0,0
1966,1,80.95,0
1967,0,0,0
1968,0,0,0
1969,0,0,0
1970,0,0,0
1971,0,0,0
1972,0,38.41,0
1973,0,0,0
1974,0,0,0
1975,0,0,0
1976,0,0,0
1977,0,33.03,0
1978,0,40.52,0
1979,0,9.22,0
1980,0,0,0
1981,0,0,0
1982,1,63.03,0
1983,1,66.37,0
1984,0,0,0
1985,0,48.59,0
1986,0,48.54,0
1987,1,100,0
1988,0,41.37,0
1989,0,25.46,0
1990,0,0,0
1991,0,47.53,0
1992,0,49.7,0
1993,1,50.86,0
1994,1,56.84,0
1995,0,22.56,0
1996,0,0,0
1997,1,59.7,0
1998,0,28.08,0
1999,0,41.81,0
2000,1,73.77,0
2001,1,100,0
2002,0,0,0
2003,0,49.7,0
2004,0,0,0
2005,1,74.7,0
2006,0,0,0
2007,1,88.59,0
2008,0,0,0
2009,1,79.7,0
2010,1,69.7,0
2011,1,60.57,0
2012,0,47.62,0
2013,0,0,0
2014,0,26.73,0
2015,0,9.54,0
2016,0,20.29,0
2017,0,0,0
2018,1,81.52,0
2019,1,59.7,0
2020,0,0,0
2021,0,0,0
2022,0,0,0
2023,0,0,0
2024,0,16.37,0
2025,0,0,0
2026,1,73.38,0
2027,1,77.7,0
2028,1,58.79,0
2029,1,52.48,0
2030,0,26.37,0
2031,0,0,0
2032,0,30.26,0
2033,0,0,0
2034,0,0,0
2035,1,56.84,0
2036,0,0,0
2037,0,0,0
2038,0,0,0
2039,0,0,0
2040,0,0,0
2041,0,0,0
2042,0,0,0
2043,0,0,0
2044,0,19.7,0
2045,0,0,0
2046,0,0,0
2047,0,20.56,0
2048,0,0,0
2049,0,31.41,0
2050,0,0,0
2051,0,0,0
2052,0,0,0
2053,0,0,0
2054,0,0,0
2055,0,0,0
2056,0,0,0
2057,0,0,0
2058,0,33.03,0
2059,0,0,0
2060,0,0,0
2061,0,20.39,0
2062,0,24.7,0
2063,1,54.87,0
2064,0,32.51,0
2065,0,48.59,0
2066,0,47.07,0
2067,0,0,0
2068,0,23.51,0
2069,0,0,0
2070,0,0,0
2071,1,63.34,0
2072,0,17.88,0
2073,0,0,0
2074,1,100,0
2075,0,21.92,0
2076,0,0,0
2077,1,100,0
2078,0,21.44,0
2079,0,0,0
2080,1,54.96,0
2081,1,56.84,0
2082,0,43.18,0
2083,0,0,0
2084,0,38.34,0
2085,0,0,0
2086,0,0,0
2087,1,73.23,0
2088,1,91.08,0
2089,0,0,0
2090,0,14.7,0
2091,0,47.2,0
2092,0,0,0
2093,0,16.37,0
2094,0,48.12,0
2095,0,0,0
2096,0,0,0
2097,1,100,0
2098,1,82.31,0
2099,0,0,0
2100,0,44.14,0
2101,1,58.32,0
2102,0,0,0
2103,0,0,0
2104,0,32.2,0
2105,1,53.99,0
2106,0,39.04,0
2107,0,42.56,0
2108,0,0,0
2109,1,57.33,0
2110,0,21.13,0
2111,0,0,0
2112,0,0,0
2113,0,0,0
2114,1,60.81,0
2115,0,0,0
2116,0,0,0
2117,1,86.37,0
2118,0,42.8,0
2119,1,63.99,0
2120,0,32.05,0
2121,0,30.95,0
2122,0,0,0
2123,0,18.45,0
2124,0,10.41,0
2125,0,35.18,0
2126,0,5.26,0
2127,0,0,0
2128,0,45.15,0
2129,0,18.67,0
2130,0,0,0
2131,1,78.65,0
2132,0,34.7,0
2133,0,0,0
2134,1,74.7,0
2135,0,0,0
2136,0,0,0
2137,1,80.55,0
2138,1,51.78,0
2139,0,0,0
2140,0,37.8,0
2141,0,0,0
2142,1,66.37,0
2143,0,0,0
2144,1,58.79,0
2145,1,68.33,0
2146,0,0,0
2147,1,63.99,0
2148,0,0,0
2149,0,35.12,0
2150,0,0,0
2151,0,29.11,0
2152,0,21.92,0
2153,1,56.84,0
2154,1,58.96,0
2155,0,0,0
2156,0,12.6,0
2157,1,59.04,0
2158,0,34.08,0
2159,0,43.52,0
2160,0,0,0
2161,0,14.51,0
2162,0,0,0
2163,0,0,0
2164,0,46.76,0
2165,0,0,0
2166,0,0,0
2167,0,7.7,0
2168,0,0,0
2169,0,0,0
2170,0,0,0
2171,0,0,0
2172,0,0,0
2173,1,73.03,0
2174,0,15.77,0
2175,0,26.78,0
2176,0,0,0
2177,0,0,0
2178,0,0,0
2179,0,11.06,0
2180,1,51.55,0
2181,0,0,0
2182,0,16.68,0
2183,0,0,0
2184,0,0,0
2185,0,0,0
2186,0,39.7,0
2187,0,0,0
2188,0,0,0
2189,0,25.51,0
2190,0,0,0
2191,0,0,0
2192,0,0,0
2193,0,33.03,0
2194,0,18.45,0
2195,0,18.75,0
2196,0,0,0
2197,0,6.97,0
2198,0,0,0
2199,0,0,0
2200,1,74.7,0
2201,0,0,0
2202,0,43.03,0
2203,1,65.32,0
2204,0,0,0
2205,0,0,0
2206,0,0,0
2207,1,58.96,0
2208,0,24.02,0
2209,0,0,0
2210,0,0,0
2211,0,0,0
2212,0,0,0
2213,0,34.32,0
2214,1,75.31,0
2215,1,54.25,0
2216,1,56.84,0
2217,1,61.4,0
2218,0,33.85,0
2219,0,39.7,0
2220,0,0,0
2221,0,22.15,0
2222,0,0,0
2223,0,0,0
2224,1,54.96,0
2225,0,0,0
2226,1,88.89,0
2227,0,0,0
2228,1,85.41,0
2229,0,16.09,0
2230,1,63.7,0
2231,0,0,0
2232,0,0,0
2233,1,63.34,0
2234,0,36.91,0
2235,1,74.28,0
2236,0,0,0
2237,1,73.38,0
2238,0,0,0
2239,1,80.95,0
2240,0,49.7,0
2241,0,20.15,0
2242,0,40.61,0
2243,1,68.93,0
2244,0,0,0
2245,0,0,0
2246,0,0,0
2247,1,63.99,0
2248,0,0,0
2249,0,32.35,0
2250,1,78.27,0
2251,0,31.07,0
2252,0,0,0
2253,0,0,0
2254,1,63.99,0
2255,0,0,0
2256,0,27.96,0
2257,0,17.56,0
2258,0,0,0
2259,0,10.68,0
2260,0,0,0
2261,0,39.7,0
2262,0,0,0
2263,0,17.56,0
2264,0,25.51,0
2265,0,0,0
2266,0,0,0
2267,0,0,0
2268,1,51.55,0
2269,0,7.11,0
2270,0,0,0
2271,0,0,0
2272,0,0,0
2273,0,33.03,0
2274,0,15.39,0
2275,0,0,0
2276,0,6.05,0
2277,0,0,0
2278,0,0,0
2279,0,0,0
2280,0,0,0
2281,0,0,0
2282,0,0,0
2283,0,0,0
2284,0,0,0
2285,0,0,0
2286,0,0,0
2287,0,10.12,0
2288,0,0,0
2289,0,0,0
2290,0,0,0
2291,0,0,0
2292,0,0,0
2293,0,0,0
2294,0,0,0
2295,0,0,0
2296,0,0,0
2297,0,0,0
2298,0,0,0
2299,0,0,0
2300,0,0,0
2301,0,27.48,0
2302,0,0,0
2303,0,0,0
2304,0,0,0
2305,0,0,0
2306,1,87.2,0
2307,0,22.78,0
2308,0,27.2,0
2309,1,55.47,0
2310,1,58.67,0
2311,0,0,0
2312,0,0,0
2313,0,0,0
2314,0,21.65,0
2315,0,0,0
2316,1,80.95,0
2317,0,0,0
2318,0,41.37,0
2319,1,58.79,0
2320,0,0,0
2321,0,0,0
2322,0,0,0
2323,0,47.98,0
2324,0,0,0
2325,0,0,0
2326,0,12.2,0
2327,0,0,0
2328,0,37.2,0
2329,0,0,0
2330,0,6.84,0
2331,0,0,0
2332,0,0,0
2333,0,0,0
2334,0,0,0
2335,0,0,0
2336,0,0,0
2337,1,57.76,0
2338,0,21.37,0
2339,0,48.98,0
2340,0,18.07,0
2341,0,29.25,0
2342,0,22.2,0
2343,0,14.41,0
2344,0,0,0
2345,0,0,0
2346,0,42.12,0
2347,0,0,0
2348,0,24.7,0
2349,0,0,0
2350,0,39.7,0
2351,0,0,0
2352,0,0,0
2353,0,0,0
2354,0,42.12,0
2355,0,0,0
2356,0,0,0
2357,0,0,0
2358,0,0,0
2359,0,0,0
2360,0,0,0
2361,0,47.7,0
2362,1,76.7,0
2363,0,0,0
2364,0,0,0
2365,0,0,0
2366,0,0,0
2367,0,0,0
2368,0,0,0
2369,1,62.2,0
2370,0,0,0
2371,0,4.25,0
2372,0,0,0
2373,0,0,0
2374,0,4.35,0
2375,0,3.87,0
2376,0,0,0
2377,0,20.39,0
2378,0,0,0
2379,0,0,0
2380,1,61.77,0
2381,0,0,0
2382,0,0,0
2383,0,0,0
2384,0,0,0
2385,0,0,0
2386,0,0,0
2387,0,0,0
2388,0,0,0
2389,0,42.12,0
2390,0,0,0
2391,0,0,0
2392,0,0,0
2393,0,39.7,0
2394,0,0,0
2395,0,15.32,0
2396,0,0,0
2397,0,49.7,0
2398,0,0,0
2399,0,3.96,0
2400,0,4.83,0
2401,0,0,0
2402,0,4.14,0
2403,0,0,0
2404,0,43.45,0
2405,0,0,0
2406,0,0,0
2407,0,0,0
2408,0,0,0
2409,0,0,0
2410,0,0,0
2411,0,0,0
2412,0,0,0
2413,0,0,0
2414,0,27.29,0
2415,0,0,0
2416,0,0,0
2417,0,28.27,0
2418,0,0,0
2419,0,0,0
2420,0,0,0
2421,0,37.54,0
2422,0,0,0
2423,0,0,0
2424,0,0,0
2425,0,0,0
2426,0,36.06,0
2427,0,0,0
2428,0,0,0
2429,0,0,0
2430,0,26.37,0
2431,0,0,0
2432,0,0,0
2433,0,37.54,0
2434,0,0,0
2435,0,0,0
2436,0,0,0
2437,0,42.12,0
2438,0,0,0
2439,0,0,0
2440,0,0,0
2441,0,27.48,0
2442,0,8.03,0
2443,0,0,0
2444,0,30.47,0
2445,0,0,0
2446,0,0,0
2447,0,0,0
2448,0,42.12,0
2449,0,0,0
2450,0,0,0
2451,0,0,0
2452,0,0,0
2453,0,46.37,0
2454,0,0,0
2455,0,0,0
2456,0,0,0
2457,1,68.45,0
2458,0,0,0
2459,0,4.25,0
2460,0,0,0
2461,0,0,0
2462,0,3.87,0
2463,0,4.46,0
2464,0,0,0
2465,0,24.7,0
2466,1,65.74,0
2467,0,36.95,0
2468,0,34.84,0
2469,1,90.18,0
2470,1,68.45,0
2471,0,0,0
2472,0,47.32,0
2473,0,0,0
2474,0,0,0
2475,0,0,0
2476,0,0,0
2477,0,0,0
2478,1,56.84,0
2479,0,34.58,0
2480,0,0,0
2481,0,0,0
2482,0,0,0
2483,0,0,0
2484,0,0,0
2485,1,66.37,0
2486,0,0,0
2487,0,40.32,0
2488,0,0,0
2489,0,0,0
2490,0,0,0
2491,0,0,0
2492,1,58.96,0
2493,0,0,0
2494,0,0,0
2495,0,0,0
2496,0,0,0
2497,0,0,0
2498,0,39.7,0
2499,0,0,0
2500,0,0,0
2501,0,25.51,0
2502,0,0,0
2503,0,0,0
2504,0,0,0
2505,0,19.7,0
2506,0,0,0
2507,0,39.7,0
2508,0,0,0
2509,0,0,0
2510,0,20.21,0
2511,0,0,0
2512,0,6.05,0
2513,0,0,0
2514,0,0,0
2515,1,92.01,0
2516,0,16.06,0
2517,0,36.37,0
2518,0,0,0
2519,0,18.45,0
2520,1,58.96,0
2521,0,0,0
2522,0,12.2,0
2523,0,29.43,0
2524,0,0,0
2525,0,46.37,0
2526,0,0,0
2527,0,0,0
2528,0,18.57,0
2529,0,0,0
2530,0,0,0
2531,0,0,0
2532,0,0,0
2533,0,0,0
2534,0,0,0
2535,0,0,0
2536,1,73.03,0
2537,0,32.05,0
2538,0,14.7,0
2539,0,0,0
2540,0,45.15,0
2541,0,48.42,0
2542,0,21.78,0
2543,0,37.44,0
2544,0,0,0
2545,0,0,0
2546,0,0,0
2547,1,80.95,0
2548,0,19.7,0
2549,0,0,0
2550,0,45.15,0
2551,1,51.55,0
2552,0,0,0
2553,0,9.22,0
2554,0,0,0
2555,0,0,0
2556,0,29.11,0
2557,0,6.84,0
2558,0,0,0
2559,0,0,0
2560,0,20.21,0
2561,0,0,0
2562,0,0,0
2563,0,0,0
2564,0,0,0
2565,0,49.7,0
2566,0,27.15,0
2567,1,59.12,0
2568,0,0,0
2569,0,0,0
2570,0,0,0
2571,1,58.96,0
2572,0,28.27,0
2573,0,0,0
2574,0,0,0
2575,0,47.98,0
2576,0,0,0
2577,0,21.73,0
2578,0,35.7,0
2579,0,26.73,0
2580,0,0,0
2581,0,0,0
2582,0,0,0
2583,0,0,0
2584,0,14.41,0
2585,0,0,0
2586,0,0,0
2587,0,0,0
2588,0,0,0
2589,0,0,0
2590,0,37.54,0
2591,0,0,0
2592,0,0,0
2593,0,0,0
2594,0,0,0
2595,0,0,0
2596,0,35.6,0
2597,0,31.84,0
2598,0,0,0
2599,0,0,0
2600,0,0,0
2601,0,22.07,0
2602,0,35.29,0
2603,0,0,0
2604,0,0,0
2605,0,18.62,0
2606,0,32.05,0
2607,0,0,0
2608,0,0,0
2609,0,0,0
2610,0,13.49,0
2611,0,0,0
2612,0,0,0
2613,0,33.91,0
2614,1,55.26,0
2615,0,0,0
2616,0,0,0
2617,0,0,0
2618,0,0,0
2619,0,0,0
2620,0,0,0
2621,0,0,0
2622,0,0,0
2623,0,0,0
2624,0,0,0
2625,1,87.94,0
2626,0,22.78,0
2627,0,0,0
2628,0,23.84,0
2629,0,0,0
2630,1,52.08,0
2631,0,0,0
2632,0,5.58,0
2633,0,13.49,0
2634,0,0,0
2635,0,0,0
2636,0,0,0
2637,0,0,0
2638,0,0,0
2639,0,0,0
2640,0,0,0
2641,0,0,0
2642,0,0,0
2643,0,0,0
2644,0,0,0
2645,0,0,0
2646,0,0,0
2647,1,85.41,0
2648,0,0,0
2649,0,0,0
2650,0,0,0
2651,0,0,0
2652,1,53.99,0
2653,0,0,0
2654,0,35.55,0
2655,0,0,0
2656,0,0,0
2657,0,0,0
2658,0,0,0
2659,0,0,0
2660,0,30.26,0
2661,1,65.22,0
2662,0,0,0
2663,0,0,0
2664,0,0,0
2665,0,0,0
2666,0,0,0
2667,0,0,0
2668,0,0,0
2669,0,40.24,0
2670,1,69.14,0
2671,0,19.14,0
2672,0,0,0
2673,0,0,0
2674,0,0,0
2675,0,0,0
2676,0,0,0
2677,0,0,0
2678,0,14.85,0
2679,0,0,0
2680,0,0,0
2681,0,0,0
2682,0,0,0
2683,0,0,0
2684,0,12.52,0
2685,0,38.83,0
2686,0,0,0
2687,1,55.58,0
2688,0,0,0
2689,0,0,0
2690,0,0,0
2691,0,0,0
2692,0,20.75,0
2693,0,13.21,0
2694,0,0,0
2695,0,0,0
2696,0,0,0
2697,0,13.21,0
2698,0,0,0
2699,0,0,0
2700,0,0,0
2701,0,0,0
2702,0,0,0
2703,0,0,0
2704,0,13.99,0
2705,0,0,0
2706,0,0,0
2707,0,28.65,0
2708,0,0,0
2709,0,0,0
2710,0,11.9,0
2711,0,0,0
2712,0,0,0
2713,0,0,0
2714,0,0,0
2715,0,0,0
2716,0,0,0
2717,0,0,0
2718,0,0,0
2719,0,0,0
2720,0,0,0
2721,0,0,0
2722,0,0,0
2723,0,21.92,0
2724,0,0,0
2725,0,30.26,0
2726,0,0,0
2727,0,0,0
2728,0,0,0
2729,0,0,0
2730,0,0,0
2731,0,0,0
2732,0,0,0
2733,0,0,0
2734,0,0,0
2735,0,0,0
2736,0,0,0
2737,1,64.41,0
2738,0,0,0
2739,0,0,0
2740,0,0,0
2741,0,0,0
2742,0,0,0
2743,0,0,0
2744,0,43.45,0
2745,0,28.73,0
2746,0,0,0
2747,0,0,0
2748,0,0,0
2749,0,0,0
2750,0,0,0
2751,0,0,0
2752,0,0,0
2753,0,0,0
2754,0,0,0
2755,0,0,0
2756,0,20.75,0
2757,0,0,0
2758,0,0,0
2759,0,37.2,0
2760,1,70.07,0
2761,0,0,0
2762,0,0,0
2763,0,0,0
2764,0,0,0
2765,0,0,0
2766,0,0,0
2767,0,0,0
2768,0,0,0
2769,0,0,0
2770,0,12.86,0
2771,0,23.03,0
2772,0,0,0
2773,0,0,0
2774,0,0,0
2775,0,35.6,0
2776,0,0,0
2777,0,0,0
2778,0,0,0
2779,0,0,0
2780,0,10.81,0
2781,1,58.96,0
2782,1,58.96,0
2783,1,74.7,0
2784,0,0,0
2785,0,15.32,0
2786,0,0,0
2787,0,0,0
2788,0,0,0
2789,0,0,0
2790,0,0,0
2791,0,0,0
2792,0,0,0
2793,0,0,0
2794,0,0,0
2795,0,0,0
2796,0,0,0
2797,0,0,0
2798,0,0,0
2799,0,0,0
2800,0,0,0
2801,0,0,0
2802,0,0,0
2803,0,0,0
2804,0,0,0
2805,0,0,0
2806,0,0,0
2807,0,0,0
2808,0,0,0
2809,0,0,0
2810,0,41.16,0
2811,0,48.72,0
2812,0,0,0
2813,0,0,0
2814,0,0,0
2815,0,0,0
2816,0,0,0
2817,0,0,0
2818,0,0,0
2819,0,0,0
2820,0,16.37,0
2821,0,0,0
2822,0,0,0
2823,0,15.49,0
2824,0,15.32,0
2825,0,0,0
2826,0,0,0
2827,0,0,0
2828,0,0,0
2829,0,0,0
2830,0,31.84,0
2831,0,0,0
2832,0,0,0
2833,0,27.91,0
2834,0,0,0
2835,0,0,0
2836,0,0,0
2837,0,0,0
2838,0,0,0
2839,0,24.7,0
2840,0,19.14,0
2841,0,20.91,0
2842,0,0,0
2843,0,0,0
2844,0,0,0
2845,0,0,0
2846,0,0,0
2847,0,23.7,0
2848,0,25.7,0
2849,0,0,0
2850,0,0,0
2851,0,0,0
2852,0,42.56,0
2853,0,7.02,0
2854,0,0,0
2855,0,0,0
2856,0,0,0
2857,0,23.38,0
2858,0,0,0
2859,0,35.6,0
2860,0,40.44,0
2861,0,0,0
2862,0,0,0
2863,0,37.2,0
2864,1,58.52,0
2865,0,10.34,0
2866,0,0,0
2867,0,0,0
2868,0,0,0
2869,0,0,0
2870,0,0,0
2871,0,30.65,0
2872,0,0,0
2873,0,0,0
2874,0,10.57,0
2875,0,0,0
2876,0,0,0
2877,0,0,0
2878,0,0,0
2879,0,0,0
2880,0,11.9,0
2881,0,0,0
2882,0,0,0
2883,0,0,0
2884,0,0,0
2885,0,0,0
2886,0,0,0
2887,0,0,0
2888,0,0,0
2889,0,0,0
2890,0,45.85,0
2891,0,0,0
2892,0,39.23,0
2893,0,26.53,0
2894,0,21.44,0
2895,0,0,0
2896,0,0,0
2897,0,41.64,0
2898,0,0,0
2899,0,5.95,0
2900,0,0,0
2901,0,0,0
2902,0,31.96,0
2903,0,0,0
2904,0,0,0
2905,0,10.59,0
2906,1,60.23,0
2907,1,56.52,0
2908,0,0,0
2909,0,13.21,0
2910,0,0,0
2911,0,0,0
2912,0,23.38,0
2913,0,23.03,0
2914,0,0,0
2915,0,0,0
2916,0,0,0
2917,0,0,0
2918,0,18.22,0
2919,0,0,0
2920,0,0,0
2921,0,0,0
2922,1,51.05,0
2923,0,0,0
2924,0,0,0
2925,0,0,0
2926,0,0,0
2927,0,0,0
2928,0,0,0
2929,0,0,0
2930,0,0,0
2931,0,0,0
2932,0,0,0
2933,0,0,0
2934,1,68.03,0
2935,0,0,0
2936,0,0,0
2937,0,11.9,0
2938,0,0,0
2939,0,0,0
2940,0,0,0
2941,0,0,0
2942,0,0,0
2943,0,0,0
2944,0,0,0
2945,0,33.91,0
2946,0,26.53,0
2947,0,0,0
2948,0,0,0
2949,0,0,0
2950,0,0,0
2951,1,78.87,0
2952,0,0,0
2953,0,40.24,0
2954,1,58.03,0
2955,0,0,0
2956,0,13.99,0
2957,1,55.8,0
2958,0,0,0
2959,0,23.94,0
2960,0,27.96,0
2961,0,0,0
2962,0,0,0
2963,0,38.59,0
2964,0,0,0
2965,0,0,0
2966,0,0,0
2967,0,0,0
2968,0,0,0
2969,0,0,0
2970,0,0,0
2971,0,0,0
2972,0,0,0
2973,0,0,0
2974,0,0,0
2975,0,0,0
2976,0,19.7,0
2977,0,43.96,0
2978,1,51.13,0
2979,0,0,0
2980,0,0,0
2981,0,0,0
2982,0,0,0
2983,0,0,0
2984,0,0,0
2985,0,0,0
2986,0,0,0
2987,0,20.75,0
2988,1,51.87,0
2989,0,0,0
2990,0,12.86,0
2991,0,0,0
2992,0,0,0
2993,0,43.45,0
2994,0,0,0
2995,0,27.7,0
2996,0,0,0
2997,0,0,0
2998,0,35.6,0
2999,0,33.03,0
3000,0,0,0
3001,0,33.85,0
3002,1,61.6,0
3003,0,42.2,0
3004,0,19.7,0
3005,0,0,0
3006,0,32.05,0
3007,0,0,0
3008,0,0,0
3009,0,0,0
3010,0,0,0
3011,0,0,0
3012,0,0,0
3013,0,0,0
3014,0,0,0
3015,0,33.03,0
3016,0,0,0
3017,0,0,0
3018,0,0,0
3019,0,21.32,0
3020,1,74.7,0
3021,0,0,0
3022,0,0,0
3023,0,22.34,0
3024,0,29.93,0
3025,0,0,0
3026,0,24.7,0
3027,0,0,0
3028,0,0,0
3029,0,0,0
3030,0,47.43,0
3031,0,23.34,0
3032,0,0,0
3033,0,23.38,0
3034,0,0,0
3035,0,32.13,0
3036,1,67.44,0
3037,0,0,0
3038,0,0,0
3039,0,0,0
3040,0,0,0
3041,0,0,0
3042,0,0,0
3043,0,0,0
3044,0,0,0
3045,0,0,0
3046,0,16.94,0
3047,0,0,0
3048,1,63.8,0
3049,0,0,0
3050,0,0,0
3051,0,0,0
3052,1,95.05,0
3053,1,69.7,0
3054,1,71.92,0
3055,1,73.72,0
3056,0,27.94,0
3057,0,22.34,0
3058,0,0,0
3059,0,21.24,0
3060,0,0,0
3061,1,57.76,0
3062,1,100,0
3063,0,30.26,0
3064,0,0,0
3065,0,0,0
3066,0,0,0
3067,0,0,0
3068,0,0,0
3069,0,0,0
3070,0,0,0
3071,0,0,0
3072,0,0,0
3073,0,0,0
3074,0,0,0
3075,0,0,0
3076,0,0,0
3077,0,0,0
3078,0,0,0
3079,0,0,0
3080,0,0,0
3081,0,0,0
3082,0,0,0
3083,0,0,0
3084,0,0,0
3085,0,0,0
3086,0,0,0
3087,0,0,0
3088,0,0,0
3089,0,0,0
3090,0,0,0
3091,0,0,0
3092,0,0,0
3093,0,0,0
3094,0,0,0
3095,0,0,0
3096,0,0,0
3097,0,0,0
3098,0,17.88,0
3099,0,0,0
3100,0,0,0
3101,0,0,0
3102,0,0,0
3103,0,32.26,0
3104,1,70.53,0
3105,1,53.87,0
3106,1,70.53,0
3107,0,37.2,0
3108,1,53.87,0
3109,1,53.87,0
3110,1,70.43,0
3111,0,0,0
3112,1,90.7,0
3113,0,0,0
3114,0,0,0
3115,0,0,0
3116,0,15.26,0
3117,0,41.95,0
3118,0,26.78,0
3119,0,9,0
3120,0,13.99,0
3121,0,20.63,0
3122,0,37.8,0
3123,1,53.19,0
3124,0,36.84,0
3125,0,0,0
3126,0,0,0
3127,0,0,0
3128,0,0,0
3129,0,40.88,0
3130,0,0,0
3131,0,0,0
3132,0,0,0
3133,0,26.97,0
3134,0,0,0
3135,0,0,0
3136,0,0,0
3137,1,95.05,0
3138,1,82.56,0
3139,1,77.18,0
3140,0,20.75,0
3141,0,22.28,0
3142,0,0,0
3143,1,74.7,0
3144,0,0,0
3145,0,0,0
3146,0,0,0
3147,0,0,0
3148,0,0,0
3149,0,0,0
3150,0,0,0
3151,0,0,0
3152,0,0,0
3153,0,0,0
3154,0,12.52,0
3155,0,19.7,0
3156,0,22.2,0
3157,0,45.85,0
3158,0,0,0
3159,0,34.99,0
3160,1,68.33,0
3161,0,42.56,0
3162,1,51.42,0
3163,0,25.41,0
3164,0,0,0
3165,0,38.59,0
3166,0,23.38,0
3167,0,0,0
3168,1,95.05,0
3169,1,100,0
3170,1,65.77,0
3171,0,34.48,0
3172,0,0,0
3173,0,19.7,0
3174,0,42.84,0
3175,1,100,0
3176,0,0,0
3177,0,0,0
3178,0,0,0
3179,0,0,0
3180,0,0,0
3181,1,81.7,0
3182,0,0,0
3183,0,0,0
3184,0,0,0
3185,0,0,0
3186,0,0,0
3187,0,0,0
3188,0,0,0
3189,0,0,0
3190,0,0,0
3191,0,0,0
3192,0,0,0
3193,0,0,0
3194,0,0,0
3195,0,0,0
3196,0,0,0
3197,0,0,0
3198,0,40.32,0
3199,1,53.87,0
3200,0,37.2,0
3201,0,44.7,0
3202,0,46.21,0
3203,0,0,0
3204,0,0,0
3205,0,24.7,0
3206,1,62.2,0
3207,1,51.7,0
3208,0,33.85,0
3209,1,57.11,0
3210,1,52.33,0
3211,0,46.21,0
3212,0,37.63,0
3213,0,25.41,0
3214,0,26.62,0
3215,0,17.09,0
3216,0,26.37,0
3217,1,50.92,0
3218,0,0,0
3219,0,0,0
3220,0,47.78,0
3221,1,58.32,0
3222,0,48.42,0
3223,0,0,0
3224,1,95.05,0
3225,1,100,0
3226,1,72.25,0
3227,0,39.7,0
3228,0,0,0
3229,0,0,0
3230,0,0,0
3231,1,90.02,0
3232,0,35.18,0
3233,0,0,0
3234,0,0,0
3235,0,0,0
3236,0,0,0
3237,0,41.37,0
3238,0,0,0
3239,0,0,0
3240,0,0,0
3241,0,0,0
3242,0,0,0
3243,0,0,0
3244,0,0,0
3245,0,0,0
3246,0,0,0
3247,0,0,0
3248,0,0,0
3249,0,0,0
3250,0,0,0
3251,0,0,0
3252,0,0,0
3253,0,0,0
3254,0,0,0
3255,1,69.47,0
3256,1,53.87,0
3257,1,53.87,0
3258,1,70.43,0
3259,0,0,0
3260,0,0,0
3261,0,0,0
3262,1,69.14,0
3263,0,39.7,0
3264,0,47.78,0
3265,1,55.26,0
3266,1,55.26,0
3267,1,62.2,0
3268,0,20.75,0
3269,0,27.61,0
3270,0,16.37,0
3271,0,24.7,0
3272,0,0,0
3273,0,42.12,0
3274,0,0,0
3275,0,0,0
3276,1,59.7,0
3277,1,59.7,0
3278,0,46.04,0
3279,0,0,0
3280,1,67.27,0
3281,0,0,0
3282,0,0,0
3283,0,0,0
3284,0,0,0
3285,0,0,0
3286,0,0,0
3287,0,46.04,0
3288,0,0,0
3289,0,0,0
3290,0,0,0
3291,0,0,0
3292,1,67.27,0
3293,0,0,0
3294,0,0,0
3295,0,0,0
3296,1,71.13,0
3297,0,0,0
3298,0,0,0
3299,1,95.05,0
3300,1,68.12,0
3301,0,0,0
3302,0,0,0
3303,0,26.37,0
3304,1,85.6,0
3305,0,26.97,0
3306,0,17.2,0
3307,0,15.61,0
3308,0,0,0
3309,0,35.12,0
3310,0,32.39,0
3311,0,0,0
3312,0,35.55,0
3313,0,16.37,0
3314,1,69.05,0
3315,1,59.12,0
3316,1,81.67,0
3317,1,78.03,0
3318,1,75.11,0
3319,1,68.12,0
3320,1,73.28,0
3321,1,61.67,0
3322,1,84.61,0
3323,0,43.29,0
3324,1,93.58,0
3325,0,46.28,0
3326,0,0,0
3327,0,0,0
3328,0,0,0
3329,0,0,0
3330,0,0,0
3331,0,0,0
3332,0,0,0
3333,1,54.39,0
3334,0,30.21,0
3335,0,23.23,0
3336,0,27.29,0
3337,0,0,0
3338,0,25.93,0
3339,0,28.27,0
3340,0,0,0
3341,0,27.77,0
3342,0,27.29,0
3343,0,0,0
3344,0,27.77,0
3345,0,22.56,0
3346,0,0,0
3347,0,25.1,0
3348,0,20.75,0
3349,0,0,0
3350,0,23.23,0
3351,0,18.75,0
3352,0,48.42,0
3353,1,72.43,0
3354,0,21.58,0
3355,0,0,0
3356,0,44.7,0
3357,0,0,0
3358,0,0,0
3359,0,20.53,0
3360,0,49.7,0
3361,1,64.61,0
3362,0,24.14,0
3363,0,40.44,0
3364,1,60.92,0
3365,1,79.08,0
3366,0,17.88,0
3367,0,21.58,0
3368,0,14.33,0
3369,1,58.24,0
3370,0,0,0
3371,0,0,0
3372,0,0,0
3373,0,0,0
3374,0,0,0
3375,0,0,0
3376,0,0,0
3377,0,0,0
3378,0,28.87,0
3379,1,70.43,0
3380,0,0,0
3381,1,52.76,0
3382,0,46.51,0
3383,0,19.27,0
3384,0,34.08,0
3385,0,0,0
3386,0,42.12,0
3387,1,55.7,0
3388,1,72.43,0
3389,0,21.58,0
3390,0,0,0
3391,0,45.85,0
3392,0,0,0
3393,0,0,0
3394,0,16.37,0
3395,1,52.33,0
3396,1,60.41,0
3397,0,39.7,0
3398,0,36.37,0
3399,1,60.92,0
3400,1,59.25,0
3401,0,25.93,0
3402,0,21.58,0
3403,0,0,0
3404,1,61.92,0
3405,0,0,0
3406,0,0,0
3407,0,0,0
3408,0,0,0
3409,0,0,0
3410,0,0,0
3411,0,0,0
3412,0,0,0
3413,0,33.85,0
3414,1,50.98,0
3415,0,21.13,0
3416,0,40.61,0
3417,1,69.51,0
3418,0,15.98,0
3419,0,34.84,0
3420,0,0,0
3421,1,52.2,0
3422,0,28.73,0
3423,1,81.61,0
3424,0,0,0
3425,0,20.91,0
3426,1,52.08,0
3427,0,0,0
3428,0,0,0
3429,0,0,0
3430,0,0,0
3431,0,0,0
3432,0,0,0
3433,1,54.7,0
3434,0,48.48,0
3435,1,53.15,0
3436,1,68.33,0
3437,0,17.35,0
3438,0,29.7,0
3439,1,60.92,0
3440,1,84.84,0
3441,0,43.29,0
3442,0,0,0
3443,0,23.03,0
3444,1,67.7,0
3445,0,0,0
3446,0,0,0
3447,0,0,0
3448,1,71.7,0
3449,0,0,0
3450,0,0,0
3451,0,0,0
3452,0,0,0
3453,0,0,0
3454,0,0,0
3455,0,0,0
3456,0,34.7,0
3457,0,37.2,0
3458,0,49.7,0
3459,0,0,0
3460,0,40.61,0
3461,1,56.3,0
3462,0,15.98,0
3463,0,43.7,0
3464,0,22.2,0
3465,1,59.7,0
3466,0,0,0
3467,0,23.38,0
3468,1,74.35,0
3469,0,45.03,0
3470,0,22.28,0
3471,0,0,0
3472,1,66.37,0
3473,0,0,0
3474,0,0,0
3475,0,0,0
3476,0,0,0
3477,0,0,0
3478,0,0,0
3479,0,0,0
3480,0,0,0
3481,1,57.59,0
3482,1,66.37,0
3483,0,21.13,0
3484,0,44.53,0
3485,1,66.97,0
3486,1,51.78,0
3487,0,25.41,0
3488,0,47.07,0
3489,1,57.39,0
3490,1,84.84,0
3491,1,57.33,0
3492,0,0,0
3493,0,22.28,0
3494,0,13.65,0
3495,1,73.51,0
3496,0,0,0
3497,0,0,0
3498,0,0,0
3499,0,0,0
3500,0,0,0
3501,0,0,0
3502,0,0,0
3503,0,0,0
3504,0,0,0
3505,0,0,0
3506,0,0,0
3507,0,30.13,0
3508,0,42.56,0
3509,0,46.21,0
3510,0,0,0
3511,1,50.68,0
3512,1,60.12,0
3513,0,32.26,0
3514,0,10.81,0
3515,0,37.2,0
3516,0,48.54,0
3517,0,0,0
3518,0,23.38,0
3519,1,79.08,0
3520,0,17.88,0
3521,0,21.58,0
3522,0,14.33,0
3523,1,58.24,0
3524,0,0,0
3525,0,0,0
3526,0,0,0
3527,0,0,0
3528,0,0,0
3529,0,0,0
3530,0,0,0
3531,0,0,0
3532,1,62.2,0
3533,1,70.43,0
3534,0,0,0
3535,1,53.43,0
3536,1,53.7,0
3537,0,39.7,0
3538,0,32.2,0
3539,0,0,0
3540,1,67.88,0
3541,1,88.43,0
3542,1,50.45,0
3543,0,0,0
3544,0,19.7,0
3545,0,40.52,0
3546,0,45.65,0
3547,0,0,0
3548,0,0,0
3549,0,0,0
3550,0,0,0
3551,0,0,0
3552,0,0,0
3553,0,0,0
3554,0,0,0
3555,0,0,0
3556,0,0,0
3557,0,0,0
3558,0,20.63,0
3559,0,40.61,0
3560,0,45.85,0
3561,0,0,0
3562,1,64.61,0
3563,0,42.56,0
3564,0,40.13,0
3565,0,10.81,0
3566,0,0,0
3567,0,45.35,0
3568,0,27.82,0
3569,0,35.18,0
3570,1,73.49,0
3571,0,16.65,0
3572,0,21.58,0
3573,0,0,0
3574,1,70.29,0
3575,0,0,0
3576,0,0,0
3577,0,0,0
3578,0,0,0
3579,0,0,0
3580,0,0,0
3581,0,0,0
3582,0,0,0
3583,0,0,0
3584,0,0,0
3585,0,14.85,0
3586,1,67.7,0
3587,0,48.27,0
3588,0,42.56,0
3589,0,0,0
3590,1,65.22,0
3591,1,69.51,0
3592,0,16.37,0
3593,0,27.2,0
3594,0,37.2,0
3595,1,59.7,0
3596,1,66.37,0
3597,1,50.27,0
3598,0,0,0
3599,0,20.6,0
3600,0,0,0
3601,1,75.21,0
3602,0,0,0
3603,0,0,0
3604,0,0,0
3605,0,0,0
3606,0,0,0
3607,0,0,0
3608,0,0,0
3609,0,0,0
3610,0,0,0
3611,0,0,0
3612,0,0,0
3613,0,16.37,0
3614,0,37.2,0
3615,1,65.55,0
3616,0,15.49,0
3617,0,0,0
3618,1,66.97,0
3619,1,51.78,0
3620,0,38.59,0
3621,0,34.08,0
3622,0,0,0
3623,1,52.2,0
3624,0,24.02,0
3625,0,0,0
3626,1,94.14,0
3627,1,70.29,0
3628,0,0,0
3629,0,0,0
3630,0,24.7,0
3631,0,0,0
3632,0,0,0
3633,0,0,0
3634,0,13.99,0
3635,0,0,0
3636,0,10.81,0
3637,0,17.73,0
3638,0,42.56,0
3639,0,0,0
3640,0,30.35,0
3641,0,30.47,0
3642,0,0,0
3643,0,6.95,0
3644,0,0,0
3645,1,52.64,0
3646,0,19,0
3647,0,0,0
3648,0,0,0
3649,0,0,0
3650,0,0,0
3651,0,4.85,0
3652,0,38.16,0
3653,0,0,0
3654,0,16.77,0
3655,0,0,0
3656,1,67.27,0
3657,0,0,0
3658,0,0,0
3659,0,0,0
3660,1,95.05,0
3661,1,68.12,0
3662,1,87.89,0
3663,0,30.08,0
3664,0,0,0
3665,0,0,0
3666,0,20.91,0
3667,1,59.7,0
3668,1,100,0
3669,0,0,0
3670,0,0,0
3671,0,0,0
3672,0,0,0
3673,0,0,0
3674,0,0,0
3675,0,0,0
3676,0,0,0
3677,0,0,0
3678,0,0,0
3679,0,0,0
3680,0,33.03,0
3681,0,0,0
3682,0,0,0
3683,0,0,0
3684,0,30.47,0
3685,0,0,0
3686,0,0,0
3687,0,0,0
3688,0,0,0
3689,0,0,0
3690,0,0,0
3691,0,0,0
3692,0,0,0
3693,0,0,0
3694,0,0,0
3695,0,0,0
3696,0,0,0
3697,0,0,0
3698,0,17.56,0
3699,1,53.87,0
3700,0,37.2,0
3701,0,37.2,0
3702,1,70.53,0
3703,0,49.7,0
3704,0,0,0
3705,0,0,0
3706,0,0,0
3707,0,40.61,0
3708,1,69.51,0
3709,0,23.1,0
3710,1,64.14,0
3711,1,50.98,0
3712,1,58.24,0
3713,1,53.75,0
3714,1,64.56,0
3715,0,45.53,0
3716,0,31.28,0
3717,0,16.37,0
3718,0,22.78,0
3719,0,28.27,0
3720,0,0,0
3721,0,49.7,0
3722,0,0,0
3723,0,0,0
3724,0,0,0
3725,0,0,0
3726,0,39.7,0
3727,1,67.05,0
3728,0,46.58,0
3729,1,59.7,0
3730,0,0,0
3731,1,95.05,0
3732,1,68.12,0
3733,1,86.52,0
3734,0,30.47,0
3735,0,16.65,0
3736,0,0,0
3737,0,20.91,0
3738,1,62.97,0
3739,1,88.59,0
3740,0,0,0
3741,0,0,0
3742,0,0,0
3743,0,0,0
3744,0,0,0
3745,0,0,0
3746,0,0,0
3747,0,0,0
3748,0,0,0
3749,0,0,0
3750,0,0,0
3751,0,0,0
3752,0,0,0
3753,0,0,0
3754,0,0,0
3755,0,0,0
3756,0,0,0
3757,0,0,0
3758,0,0,0
3759,0,0,0
3760,0,0,0
3761,0,0,0
3762,0,0,0
3763,0,0,0
3764,0,0,0
3765,0,15.32,0
3766,0,37.2,0
3767,0,37.2,0
3768,0,37.2,0
3769,0,44.7,0
3770,0,46.21,0
3771,0,0,0
3772,0,0,0
3773,0,0,0
3774,0,41.56,0
3775,1,66.97,0
3776,0,30.81,0
3777,0,43.89,0
3778,0,41.56,0
3779,0,44.14,0
3780,0,13.99,0
3781,0,37.2,0
3782,0,12.74,0
3783,0,16.37,0
3784,0,48.54,0
3785,0,0,0
3786,0,0,0
3787,0,0,0
3788,0,21.13,0
3789,0,37.2,0
3790,1,55.26,0
3791,1,95.05,0
3792,1,76.17,0
3793,0,0,0
3794,0,0,0
3795,0,0,0
3796,1,83.91,0
3797,1,67.05,0
3798,0,0,0
3799,0,35.87,0
3800,0,0,0
3801,0,37.48,0
3802,0,34.58,0
3803,0,0,0
3804,0,33.03,0
3805,0,35.41,0
3806,0,14.59,0
3807,0,0,0
3808,1,58.03,0
3809,0,12.01,0
3810,1,50.52,0
3811,0,47.07,0
3812,1,70.61,0
3813,0,40,0
3814,1,85.41,0
3815,0,41.37,0
3816,1,79.11,0
3817,1,74.7,0
3818,0,48.98,0
3819,0,47.16,0
3820,1,76.51,0
3821,1,73.99,0
3822,0,0,0
3823,0,0,0
3824,0,0,0
3825,0,0,0
3826,0,0,0
3827,0,0,0
3828,0,0,0
3829,0,0,0
3830,0,0,0
3831,1,59.02,0
3832,0,28.73,0
3833,0,23.23,0
3834,0,18.75,0
3835,0,0,0
3836,0,25.93,0
3837,0,17.48,0
3838,0,0,0
3839,0,11.56,0
3840,0,25.79,0
3841,0,0,0
3842,0,12.66,0
3843,0,34.39,0
3844,0,0,0
3845,0,9.99,0
3846,0,26.97,0
3847,0,0,0
3848,0,0,0
3849,0,16.68,0
3850,0,20.21,0
3851,0,0,0
3852,0,28.79,0
3853,0,28.27,0
3854,1,79.05,0
3855,0,46.92,0
3856,0,0,0
3857,0,19.7,0
3858,0,39.28,0
3859,1,61.6,0
3860,0,0,0
3861,0,0,0
3862,0,0,0
3863,0,0,0
3864,0,0,0
3865,0,18.16,0
3866,0,0,0
3867,0,0,0
3868,0,0,0
3869,0,0,0
3870,0,0,0
3871,0,0,0
3872,0,0,0
3873,0,0,0
3874,0,0,0
3875,0,0,0
3876,0,47.53,0
3877,1,53.87,0
3878,1,65.55,0
3879,0,15.49,0
3880,0,0,0
3881,0,46.92,0
3882,1,69.51,0
3883,0,36.91,0
3884,0,48.48,0
3885,1,64.14,0
3886,0,13.99,0
3887,0,44.14,0
3888,0,22.78,0
3889,0,0,0
3890,0,0,0
3891,0,0,0
3892,0,48.68,0
3893,1,64.41,0
3894,1,88.43,0
3895,0,48.68,0
3896,0,0,0
3897,0,21.58,0
3898,0,14.33,0
3899,1,70.15,0
3900,0,0,0
3901,0,0,0
3902,0,0,0
3903,0,0,0
3904,0,0,0
3905,0,0,0
3906,0,0,0
3907,0,0,0
3908,0,0,0
3909,0,0,0
3910,0,0,0
3911,0,33.85,0
3912,0,38,0
3913,1,52.33,0
3914,0,0,0
3915,1,52.76,0
3916,1,61.4,0
3917,0,30.13,0
3918,0,10.81,0
3919,0,37.2,0
3920,0,48.54,0
3921,0,0,0
3922,0,23.38,0
3923,1,77.64,0
3924,0,0,0
3925,0,18.62,0
3926,0,0,0
3927,1,67.79,0
3928,0,0,0
3929,0,0,0
3930,0,0,0
3931,0,0,0
3932,0,0,0
3933,0,0,0
3934,0,0,0
3935,0,0,0
3936,0,12.52,0
3937,1,81.7,0
3938,1,58.52,0
3939,0,0,0
3940,1,59.12,0
3941,1,53.7,0
3942,0,42.56,0
3943,0,40.61,0
3944,0,0,0
3945,0,0,0
3946,1,84.84,0
3947,1,57.33,0
3948,0,0,0
3949,0,20.91,0
3950,0,27.96,0
3951,1,62.86,0
3952,0,0,0
3953,0,0,0
3954,0,0,0
3955,0,0,0
3956,0,0,0
3957,0,0,0
3958,0,0,0
3959,0,0,0
3960,0,0,0
3961,0,0,0
3962,0,0,0
3963,0,28.87,0
3964,0,44.7,0
3965,0,46.21,0
3966,0,0,0
3967,1,56.56,0
3968,1,51.7,0
3969,0,36.54,0
3970,0,10.81,0
3971,0,37.2,0
3972,0,48.54,0
3973,0,34.32,0
3974,0,0,0
3975,1,77.48,0
3976,0,0,0
3977,0,22.28,0
3978,0,13.65,0
3979,1,61.24,0
3980,0,0,0
3981,0,0,0
3982,0,0,0
3983,0,0,0
3984,0,0,0
3985,0,0,0
3986,0,0,0
3987,0,0,0
3988,1,50.86,0
3989,1,70.43,0
3990,0,0,0
3991,0,42.76,0
3992,0,48.59,0
3993,0,45.7,0
3994,0,36.84,0
3995,0,0,0
3996,1,72.87,0
3997,1,72.96,0
3998,0,47.59,0
3999,0,22.65,0
4000,0,0,0
4001,1,70.85,0
4002,0,0,0
4003,0,0,0
4004,0,0,0
4005,0,0,0
4006,0,0,0
4007,0,0,0
4008,0,0,0
4009,0,0,0
4010,0,0,0
4011,0,0,0
4012,0,0,0
4013,0,30.13,0
4014,0,42.56,0
4015,0,46.21,0
4016,0,0,0
4017,0,38.83,0
4018,1,56.3,0
4019,0,26.97,0
4020,0,43.7,0
4021,0,22.2,0
4022,1,53.03,0
4023,0,0,0
4024,0,22.78,0
4025,1,76.49,0
4026,0,46.28,0
4027,1,76.7,0
4028,0,14.33,0
4029,0,49.7,0
4030,0,0,0
4031,0,0,0
4032,0,0,0
4033,0,0,0
4034,0,0,0
4035,1,52.08,0
4036,1,72.43,0
4037,0,14.25,0
4038,1,70.85,0
4039,0,49.7,0
4040,0,34.84,0
4041,1,53.03,0
4042,1,88.43,0
4043,1,60.46,0
4044,0,0,0
4045,0,19.7,0
4046,0,36.66,0
4047,1,53.75,0
4048,0,0,0
4049,0,0,0
4050,0,0,0
4051,0,0,0
4052,0,0,0
4053,0,0,0
4054,0,0,0
4055,0,0,0
4056,0,0,0
4057,0,0,0
4058,0,16.37,0
4059,0,37.2,0
4060,1,65.55,0
4061,0,15.49,0
4062,0,0,0
4063,1,76.78,0
4064,0,44.8,0
4065,0,38.59,0
4066,0,34.84,0
4067,0,0,0
4068,0,42.56,0
4069,0,24.7,0
4070,1,57.28,0
4071,1,72.43,0
4072,0,21.58,0
4073,0,0,0
4074,0,40.73,0
4075,0,0,0
4076,0,0,0
4077,0,18.93,0
4078,0,49.7,0
4079,1,64.61,0
4080,0,25.89,0
4081,0,36.37,0
4082,1,60.92,0
4083,1,72.96,0
4084,0,45.03,0
4085,0,24.26,0
4086,0,0,0
4087,1,73.7,0
4088,0,0,0
4089,0,0,0
4090,0,0,0
4091,0,0,0
4092,0,0,0
4093,0,0,0
4094,0,0,0
4095,0,0,0
4096,0,0,0
4097,0,0,0
4098,0,0,0
4099,0,0,0
4100,0,28.87,0
4101,0,44.7,0
4102,0,46.21,0
4103,0,0,0
4104,1,56.56,0
4105,0,37.7,0
4106,0,49.7,0
4107,0,38.59,0
4108,0,34.7,0
4109,0,0,0
4110,0,45.35,0
4111,0,0,0
4112,0,0,0
4113,1,67.14,0
4114,1,65.45,0
4115,0,19.7,0
4116,0,0,0
4117,1,53.36,0
4118,0,0,0
4119,0,0,0
4120,0,0,0
4121,0,0,0
4122,0,0,0
4123,0,17.56,0
4124,0,47.32,0
4125,0,25.41,0
4126,1,53.67,0
4127,0,45.53,0
4128,0,20.63,0
4129,0,35.7,0
4130,1,55.8,0
4131,1,60.28,0
4132,0,26.82,0
4133,0,25.15,0
4134,0,0,0
4135,1,75.79,0
4136,0,0,0
4137,0,0,0
4138,0,0,0
4139,0,0,0
4140,0,0,0
4141,0,0,0
4142,0,0,0
4143,0,0,0
4144,0,0,0
4145,0,0,0
4146,0,0,0
4147,0,32.26,0
4148,0,39.7,0
4149,0,48.48,0
4150,0,0,0
4151,1,50.68,0
4152,0,46.51,0
4153,0,26.37,0
4154,0,28.65,0
4155,0,37.2,0
4156,0,34.7,0
4157,0,0,0
4158,0,22.78,0
4159,1,83.45,0
4160,0,19.31,0
4161,0,20.91,0
4162,0,27.96,0
4163,0,46.37,0
4164,0,0,0
4165,0,0,0
4166,0,0,0
4167,0,0,0
4168,0,0,0
4169,0,0,0
4170,1,54.7,0
4171,0,49.7,0
4172,0,17.09,0
4173,1,66.97,0
4174,1,50.58,0
4175,0,30.47,0
4176,0,31.28,0
4177,1,52.2,0
4178,1,61.24,0
4179,1,88.43,0
4180,0,39.04,0
4181,0,0,0
4182,0,19.7,0
4183,0,36.66,0
4184,1,53.75,0
4185,0,0,0
4186,0,0,0
4187,0,0,0
4188,0,0,0
4189,0,0,0
4190,0,0,0
4191,0,0,0
4192,0,0,0
4193,0,0,0
4194,0,0,0
4195,0,0,0
4196,0,32.26,0
4197,0,39.7,0
4198,0,48.48,0
4199,0,0,0
4200,1,60.41,0
4201,0,24.14,0
4202,0,33.03,0
4203,0,31.41,0
4204,0,0,0
4205,0,30.13,0
4206,0,31.84,0
4207,0,0,0
4208,0,0,0
4209,1,72.67,0
4210,0,0,0
4211,0,0,0
4212,0,34.99,0
4213,0,0,0
4214,0,20.75,0
4215,0,0,0
4216,0,0,0
4217,0,0,0
4218,0,20.75,0
4219,0,0,0
4220,0,0,0
4221,1,95.05,0
4222,1,68.12,0
4223,1,82.58,0
4224,0,41.68,0
4225,0,0,0
4226,0,21.58,0
4227,0,0,0
4228,1,91.22,0
4229,0,0,0
4230,0,0,0
4231,0,0,0
4232,0,0,0
4233,0,0,0
4234,0,0,0
4235,0,0,0
4236,0,0,0
4237,0,0,0
4238,0,0,0
4239,0,0,0
4240,0,0,0
4241,0,0,0
4242,0,0,0
4243,0,0,0
4244,0,0,0
4245,0,0,0
4246,0,0,0
4247,0,12.52,0
4248,0,46.37,0
4249,0,43.45,0
4250,0,43.45,0
4251,1,58.52,0
4252,0,0,0
4253,0,0,0
4254,0,0,0
4255,1,66.97,0
4256,1,51.78,0
4257,0,43.89,0
4258,0,25.89,0
4259,0,34.08,0
4260,0,0,0
4261,0,0,0
4262,0,40.88,0
4263,0,0,0
4264,0,24.7,0
4265,0,0,0
4266,1,95.05,0
4267,1,63.11,0
4268,1,81.11,0
4269,0,44.44,0
4270,0,0,0
4271,0,21.58,0
4272,0,0,0
4273,1,70.95,0
4274,0,6.15,0
4275,0,0,0
4276,0,0,0
4277,0,0,0
4278,0,0,0
4279,0,0,0
4280,0,0,0
4281,0,0,0
4282,0,0,0
4283,0,0,0
4284,0,0,0
4285,0,0,0
4286,0,0,0
4287,0,0,0
4288,0,0,0
4289,0,0,0
4290,0,0,0
4291,0,0,0
4292,0,19.21,0
4293,1,57.84,0
4294,1,70.53,0
4295,1,53.87,0
4296,1,76.02,0
4297,0,0,0
4298,0,0,0
4299,0,44.82,0
4300,0,42.56,0
4301,0,44.6,0
4302,0,48.42,0
4303,0,25.41,0
4304,0,47.07,0
4305,0,0,0
4306,0,37.54,0
4307,0,0,0
4308,0,22.78,0
4309,0,0,0
4310,1,95.05,0
4311,1,69.7,0
4312,1,75.49,0
4313,0,39.04,0
4314,0,0,0
4315,0,19.7,0
4316,0,36.66,0
4317,1,66.37,0
4318,0,0,0
4319,0,0,0
4320,0,0,0
4321,0,0,0
4322,0,0,0
4323,0,0,0
4324,0,0,0
4325,0,0,0
4326,0,0,0
4327,0,0,0
4328,0,0,0
4329,0,0,0
4330,0,0,0
4331,0,18.93,0
4332,0,37.2,0
4333,0,37.2,0
4334,0,49.7,0
4335,0,0,0
4336,0,0,0
4337,1,66.97,0
4338,1,51.78,0
4339,0,43.89,0
4340,0,36.84,0
4341,0,0,0
4342,0,48.54,0
4343,0,0,0
4344,0,22.78,0
4345,0,0,0
4346,1,95.05,0
4347,1,100,0
4348,1,69.58,0
4349,0,0,0
4350,0,23.03,0
4351,1,58.24,0
4352,0,0,0
4353,0,0,0
4354,0,0,0
4355,0,0,0
4356,0,0,0
4357,0,14.85,0
4358,0,24.02,0
4359,0,42.56,0
4360,0,46.97,0
4361,1,66.97,0
4362,0,29.7,0
4363,0,29.7,0
4364,1,57.39,0
4365,0,0,0
4366,1,92.29,0
4367,0,0,0
4368,0,0,0
4369,0,0,0
4370,1,95.05,0
4371,1,73.99,0
4372,1,60.72,0
4373,0,26.82,0
4374,0,21.92,0
4375,0,0,0
4376,1,77.88,0
4377,0,0,0
4378,0,0,0
4379,0,0,0
4380,0,0,0
4381,0,45.15,0
4382,0,0,0
4383,0,0,0
4384,0,0,0
4385,0,0,0
4386,0,0,0
4387,0,0,0
4388,0,0,0
4389,0,0,0
4390,0,0,0
4391,0,0,0
4392,0,14.85,0
4393,1,67.7,0
4394,1,70.53,0
4395,1,72.43,0
4396,0,0,0
4397,0,0,0
4398,1,69.51,0
4399,0,45.7,0
4400,1,53.75,0
4401,1,53.7,0
4402,0,14.51,0
4403,0,44.14,0
4404,0,16.37,0
4405,0,48.54,0
4406,0,0,0
4407,0,0,0
4408,0,43.6,0
4409,1,57.76,0
4410,0,0,0
4411,0,21.92,0
4412,0,15.19,0
4413,0,16.36,0
4414,0,0,0
4415,1,95.05,0
4416,1,68.12,0
4417,1,88.42,0
4418,0,39.28,0
4419,0,24.7,0
4420,0,0,0
4421,0,25.15,0
4422,0,0,0
4423,1,89.54,0
4424,1,62.2,0
4425,0,0,0
4426,0,0,0
4427,0,0,0
4428,0,0,0
4429,0,0,0
4430,0,0,0
4431,0,0,0
4432,0,0,0
4433,0,0,0
4434,0,0,0
4435,0,0,0
4436,0,0,0
4437,0,0,0
4438,0,0,0
4439,0,0,0
4440,0,0,0
4441,0,0,0
4442,0,0,0
4443,0,0,0
4444,0,0,0
4445,0,0,0
4446,0,0,0
4447,0,0,0
4448,0,0,0
4449,0,0,0
4450,0,0,0
4451,0,0,0
4452,0,0,0
4453,0,12.52,0
4454,0,46.37,0
4455,0,26.78,0
4456,0,43.45,0
4457,0,18.45,0
4458,0,43.45,0
4459,1,58.52,0
4460,0,0,0
4461,0,0,0
4462,0,0,0
4463,0,0,0
4464,0,43.6,0
4465,1,66.97,0
4466,0,30.81,0
4467,0,43.89,0
4468,1,76.7,0
4469,0,43.89,0
4470,0,36.84,0
4471,0,0,0
4472,0,0,0
4473,0,0,0
4474,1,54.96,0
4475,0,0,0
4476,0,0,0
4477,0,26.97,0
4478,0,0,0
4479,0,0,0
4480,1,95.05,0
4481,1,61.6,0
4482,1,82.58,0
4483,0,41.68,0
4484,0,0,0
4485,0,21.58,0
4486,0,0,0
4487,1,58.12,0
4488,0,16.37,0
4489,0,0,0
4490,0,0,0
4491,0,0,0
4492,0,0,0
4493,0,0,0
4494,0,0,0
4495,0,0,0
4496,0,0,0
4497,0,0,0
4498,0,0,0
4499,0,0,0
4500,0,0,0
4501,0,0,0
4502,0,0,0
4503,0,0,0
4504,0,0,0
4505,0,0,0
4506,0,0,0
4507,1,69.47,0
4508,0,37.2,0
4509,0,37.2,0
4510,1,70.43,0
4511,0,0,0
4512,0,0,0
4513,1,55.76,0
4514,0,33.03,0
4515,0,25.89,0
4516,0,41.56,0
4517,0,11.13,0
4518,0,0,0
4519,0,48.54,0
4520,0,0,0
4521,0,37.2,0
4522,0,0,0
4523,0,0,0
4524,1,95.05,0
4525,1,100,0
4526,1,59.7,0
4527,0,0,0
4528,0,20.91,0
4529,1,63.7,0
4530,0,0,0
4531,0,0,0
4532,0,0,0
4533,0,0,0
4534,0,0,0
4535,0,0,0
4536,0,0,0
4537,0,0,0
4538,0,44.14,0
4539,1,55.02,0
4540,1,52.33,0
4541,0,0,0
4542,1,60.12,0
4543,1,51.7,0
4544,0,35.6,0
4545,0,34.08,0
4546,0,0,0
4547,0,42.12,0
4548,0,27.82,0
4549,1,93.82,0
4550,0,46.76,0
4551,0,0,0
4552,0,15.32,0
4553,0,0,0
4554,0,31.96,0
4555,0,0,0
4556,0,32.46,0
4557,1,53.03,0
4558,0,0,0
4559,0,0,0
4560,1,94.14,0
4561,1,70.29,0
4562,0,0,0
4563,0,0,0
4564,0,24.7,0
4565,0,0,0
4566,0,5.58,0
4567,0,0,0
4568,0,0,0
4569,0,0,0
4570,0,24.39,0
4571,0,42.88,0
4572,0,0,0
4573,1,65.41,0
4574,0,0,0
4575,0,36.69,0
4576,0,0,0
4577,0,47.07,0
4578,0,0,0
4579,0,0,0
4580,0,0,0
4581,0,0,0
4582,0,15.08,0
4583,0,0,0
4584,0,0,0
4585,0,49.15,0
4586,0,22.28,0
4587,0,0,0
4588,0,0,0
4589,1,70.07,0
4590,0,0,0
4591,0,0,0
4592,0,0,0
4593,0,0,0
4594,0,0,0
4595,0,0,0
4596,0,0,0
4597,0,0,0
4598,0,0,0
4599,0,0,0
4600,0,0,0
4601,0,0,0
4602,0,0,0
4603,0,0,0
4604,0,0,0
4605,0,0,0
4606,0,0,0
4607,0,0,0
4608,0,0,0
4609,0,0,0
4610,0,0,0
4611,0,0,0
4612,0,0,0
4613,1,67.27,0
4614,0,0,0
4615,0,0,0
4616,0,0,0
4617,1,57.59,0
4618,0,0,0
4619,0,0,0
4620,0,0,0
4621,0,35.7,0
4622,0,26.97,0
4623,0,0,0
4624,0,13.99,0
4625,0,0,0
4626,0,0,0
4627,1,51.05,0
4628,0,0,0
4629,0,0,0
4630,1,63.8,0
4631,0,0,0
4632,0,0,0
4633,0,0,0
4634,1,95.05,0
4635,1,63.11,0
4636,1,88.84,0
4637,0,33.03,0
4638,0,0,0
4639,0,0,0
4640,0,21.58,0
4641,0,14.33,0
4642,1,96.57,0
4643,0,0,0
4644,0,0,0
4645,0,0,0
4646,0,0,0
4647,0,0,0
4648,0,0,0
4649,0,0,0
4650,0,0,0
4651,0,0,0
4652,0,0,0
4653,0,0,0
4654,0,0,0
4655,0,0,0
4656,0,0,0
4657,0,0,0
4658,0,0,0
4659,0,0,0
4660,0,0,0
4661,0,0,0
4662,0,0,0
4663,0,0,0
4664,0,0,0
4665,0,0,0
4666,0,0,0
4667,0,0,0
4668,0,18.22,0
4669,0,37.2,0
4670,1,53.87,0
4671,0,37.2,0
4672,0,38,0
4673,1,52.33,0
4674,0,0,0
4675,0,0,0
4676,0,0,0
4677,1,52.76,0
4678,1,61.4,0
4679,0,30.81,0
4680,0,49.7,0
4681,0,41.92,0
4682,0,44.14,0
4683,0,29.43,0
4684,0,16.37,0
4685,0,0,0
4686,0,48.54,0
4687,0,0,0
4688,0,0,0
4689,0,29.7,0
4690,0,45.85,0
4691,0,0,0
4692,0,0,0
4693,1,95.05,0
4694,1,69.7,0
4695,1,71.7,0
4696,0,46.28,0
4697,0,21.24,0
4698,0,0,0
4699,1,76.62,0
4700,0,0,0
4701,0,0,0
4702,0,0,0
4703,0,0,0
4704,0,0,0
4705,0,0,0
4706,0,0,0
4707,0,0,0
4708,0,0,0
4709,0,0,0
4710,0,0,0
4711,0,0,0
4712,0,0,0
4713,0,12.52,0
4714,1,64.14,0
4715,0,26.78,0
4716,1,58.52,0
4717,0,0,0
4718,0,0,0
4719,1,72.25,0
4720,0,42.29,0
4721,0,37.8,0
4722,0,25.41,0
4723,0,37.2,0
4724,0,0,0
4725,0,35.6,0
4726,0,24.7,0
4727,0,0,0
4728,1,95.05,0
4729,1,73.99,0
4730,1,63.25,0
4731,1,52.82,0
4732,0,0,0
4733,0,18.37,0
4734,0,48.64,0
4735,1,73.51,0
4736,0,0,0
4737,0,0,0
4738,0,0,0
4739,0,0,0
4740,0,0,0
4741,0,0,0
4742,0,0,0
4743,0,0,0
4744,0,0,0
4745,0,0,0
4746,0,0,0
4747,0,0,0
4748,0,0,0
4749,0,0,0
4750,0,0,0
4751,0,0,0
4752,0,0,0
4753,1,53.36,0
4754,0,43.45,0
4755,0,38,0
4756,1,52.33,0
4757,0,0,0
4758,0,0,0
4759,1,64.61,0
4760,0,42.56,0
4761,0,41,0
4762,0,34.48,0
4763,0,45.53,0
4764,0,22.2,0
4765,0,19.7,0
4766,0,48.54,0
4767,0,0,0
4768,0,0,0
4769,0,46.37,0
4770,0,0,0
4771,0,28.27,0
4772,0,0,0
4773,0,0,0
4774,0,18.75,0
4775,0,0,0
4776,0,0,0
4777,0,16.37,0
4778,0,0,0
4779,0,0,0
4780,0,20.75,0
4781,0,0,0
4782,0,25.51,0
4783,0,0,0
4784,0,0,0
4785,0,0,0
4786,0,0,0
4787,0,0,0
4788,0,0,0
4789,0,0,0
4790,0,33.03,0
4791,0,0,0
4792,0,0,0
4793,0,29.11,0
4794,0,35.81,0
4795,0,0,0
4796,1,64.08,0
4797,0,0,0
4798,1,90.7,0
4799,0,33.03,0
4800,0,0,0
4801,0,29.11,0
4802,0,21.7,0
4803,0,27.82,0
4804,0,0,0
4805,1,95.05,0
4806,1,63.11,0
4807,1,87.63,0
4808,0,40.66,0
4809,0,0,0
4810,0,24.26,0
4811,0,0,0
4812,1,85.66,0
4813,0,33.03,0
4814,0,0,0
4815,0,0,0
4816,0,0,0
4817,0,0,0
4818,0,0,0
4819,0,0,0
4820,0,0,0
4821,0,0,0
4822,0,0,0
4823,0,0,0
4824,0,0,0
4825,0,0,0
4826,0,0,0
4827,0,0,0
4828,0,0,0
4829,0,0,0
4830,0,0,0
4831,0,0,0
4832,0,0,0
4833,0,17.88,0
4834,0,14.85,0
4835,0,35.7,0
4836,0,37.2,0
4837,1,70.53,0
4838,0,48.27,0
4839,0,42.56,0
4840,0,0,0
4841,0,0,0
4842,0,21.92,0
4843,1,53.7,0
4844,0,39.7,0
4845,0,30.81,0
4846,0,27.2,0
4847,0,32.2,0
4848,0,0,0
4849,0,0,0
4850,0,45.35,0
4851,0,0,0
4852,0,0,0
4853,0,21.13,0
4854,0,0,0
4855,1,95.05,0
4856,1,68.12,0
4857,1,85.42,0
4858,0,40.66,0
4859,0,0,0
4860,0,22.65,0
4861,0,0,0
4862,1,78.64,0
4863,1,56.11,0
4864,0,0,0
4865,0,0,0
4866,0,0,0
4867,0,0,0
4868,0,0,0
4869,0,24.19,0
4870,0,0,0
4871,0,0,0
4872,0,0,0
4873,0,0,0
4874,0,0,0
4875,0,0,0
4876,0,0,0
4877,0,0,0
4878,0,0,0
4879,0,0,0
4880,0,0,0
4881,0,0,0
4882,0,0,0
4883,0,0,0
4884,0,0,0
4885,0,0,0
4886,0,0,0
4887,0,16.37,0
4888,1,53.87,0
4889,0,37.2,0
4890,0,37.2,0
4891,1,65.55,0
4892,0,15.49,0
4893,0,0,0
4894,0,0,0
4895,0,43.6,0
4896,1,66.97,0
4897,0,19.7,0
4898,0,30.26,0
4899,0,44.14,0
4900,0,37.2,0
4901,0,45.53,0
4902,0,22.2,0
4903,0,28.27,0
4904,0,12.74,0
4905,1,53.03,0
4906,0,0,0
4907,0,0,0
4908,0,0,0
4909,1,54.46,0
4910,1,59.7,0
4911,0,43.82,0
4912,0,0,0
4913,1,95.05,0
4914,1,69.7,0
4915,1,82.58,0
4916,0,41.68,0
4917,0,0,0
4918,0,21.58,0
4919,0,0,0
4920,1,70.95,0
4921,0,0,0
4922,0,0,0
4923,0,0,0
4924,0,0,0
4925,0,0,0
4926,0,0,0
4927,0,0,0
4928,0,0,0
4929,0,0,0
4930,0,0,0
4931,0,0,0
4932,0,0,0
4933,0,0,0
4934,0,0,0
4935,0,0,0
4936,0,0,0
4937,0,0,0
4938,0,0,0
4939,0,0,0
4940,0,32.26,0
4941,1,53.87,0
4942,0,37.2,0
4943,1,70.43,0
4944,0,0,0
4945,0,0,0
4946,0,0,0
4947,0,41.13,0
4948,0,30.81,0
4949,1,50.86,0
4950,0,40.44,0
4951,0,22.2,0
4952,0,0,0
4953,0,49.7,0
4954,0,0,0
4955,0,24.7,0
4956,0,0,0
4957,0,0,0
4958,1,56.84,0
4959,0,0,0
4960,0,0,0
4961,0,0,0
4962,1,93.82,0
4963,1,52.33,0
4964,0,0,0
4965,0,0,0
4966,0,21.32,0
4967,0,10.81,0
4968,0,47.07,0
4969,0,0,0
4970,0,0,0
4971,0,27.82,0
4972,0,0,0
4973,0,0,0
4974,0,0,0
4975,0,13.21,0
4976,0,25.79,0
4977,0,0,0
4978,0,0,0
4979,0,0,0
4980,0,0,0
4981,0,0,0
4982,0,27.48,0
4983,0,0,0
4984,0,0,0
4985,0,0,0
4986,0,0,0
4987,0,0,0
4988,0,0,0
4989,0,0,0
4990,0,0,0
4991,0,0,0
4992,0,0,0
4993,0,0,0
4994,0,0,0
4995,0,0,0
4996,0,0,0
4997,0,0,0
4998,0,23.51,0
4999,0,0,0
5000,1,95.05,0
5001,1,76.17,0
5002,0,0,0
5003,0,0,0
5004,0,0,0
5005,0,43.18,0
5006,1,62.66,0
5007,1,74.7,0
5008,1,86.29,0
5009,0,16.37,0
5010,0,38.59,0
5011,0,0,0
5012,0,35.12,0
5013,0,16.37,0
5014,0,0,0
5015,0,36.69,0
5016,0,0,0
5017,0,45.46,0
5018,0,37.2,0
5019,0,0,0
5020,0,33.7,0
5021,0,16.37,0
5022,1,55.95,0
5023,0,41.37,0
5024,0,39.14,0
5025,0,49.7,0
5026,1,62.6,0
5027,1,67.35,0
5028,1,62.78,0
5029,1,57.05,0
5030,0,28.91,0
5031,1,57.28,0
5032,0,25.34,0
5033,0,45.95,0
5034,1,60.57,0
5035,0,34.32,0
5036,1,79.7,0
5037,0,33.45,0
5038,1,86.49,0
5039,0,46.92,0
5040,0,0,0
5041,0,0,0
5042,0,0,0
5043,0,0,0
5044,0,0,0
5045,0,0,0
5046,0,0,0
5047,0,0,0
5048,0,0,0
5049,0,0,0
5050,1,76.51,0
5051,0,0,0
5052,0,21.92,0
5053,0,20.75,0
5054,0,0,0
5055,0,25.1,0
5056,0,16.72,0
5057,0,0,0
5058,0,25.1,0
5059,0,18.75,0
5060,0,0,0
5061,0,12.66,0
5062,0,33.03,0
5063,0,0,0
5064,0,11.98,0
5065,0,34.39,0
5066,0,0,0
5067,0,11.18,0
5068,0,18.45,0
5069,0,15.27,0
5070,0,0,0
5071,0,16.68,0
5072,0,28.27,0
5073,0,0,0
5074,0,29.33,0
5075,0,25.51,0
5076,1,66.89,0
5077,0,44.44,0
5078,0,21.58,0
5079,0,0,0
5080,1,54.7,0
5081,0,0,0
5082,0,0,0
5083,0,0,0
5084,0,0,0
5085,0,0,0
5086,0,14.85,0
5087,1,76.02,0
5088,0,14.51,0
5089,1,80.13,0
5090,0,42.29,0
5091,0,36.84,0
5092,0,0,0
5093,1,86.37,0
5094,1,69.8,0
5095,0,0,0
5096,0,22.28,0
5097,0,13.65,0
5098,1,67.99,0
5099,0,0,0
5100,0,0,0
5101,0,0,0
5102,0,0,0
5103,0,0,0
5104,0,0,0
5105,0,0,0
5106,0,0,0
5107,0,0,0
5108,0,0,0
5109,0,18.93,0
5110,0,37.2,0
5111,0,47.32,0
5112,0,21.13,0
5113,0,0,0
5114,1,70.85,0
5115,0,38.83,0
5116,0,38.72,0
5117,0,34.08,0
5118,0,0,0
5119,1,52.2,0
5120,0,24.7,0
5121,1,81.37,0
5122,1,56.84,0
5123,0,0,0
5124,0,21.58,0
5125,0,0,0
5126,1,83.91,0
5127,0,0,0
5128,0,0,0
5129,0,0,0
5130,0,0,0
5131,0,0,0
5132,0,0,0
5133,0,0,0
5134,0,0,0
5135,0,0,0
5136,0,0,0
5137,0,0,0
5138,0,0,0
5139,0,0,0
5140,0,0,0
5141,0,0,0
5142,0,40.32,0
5143,1,53.87,0
5144,0,44.7,0
5145,0,46.21,0
5146,0,0,0
5147,0,15.7,0
5148,1,66.97,0
5149,1,51.78,0
5150,1,53.75,0
5151,0,49.7,0
5152,0,32.2,0
5153,0,12.74,0
5154,0,22.78,0
5155,0,45.35,0
5156,0,0,0
5157,1,58.4,0
5158,1,54.25,0
5159,1,84.84,0
5160,0,0,0
5161,0,0,0
5162,0,21.58,0
5163,0,0,0
5164,1,73.7,0
5165,0,0,0
5166,0,0,0
5167,0,0,0
5168,0,0,0
5169,0,0,0
5170,0,0,0
5171,0,0,0
5172,0,0,0
5173,0,0,0
5174,0,0,0
5175,0,0,0
5176,0,36.54,0
5177,0,37.2,0
5178,0,49.7,0
5179,0,0,0
5180,0,43.6,0
5181,1,66.97,0
5182,0,26.97,0
5183,0,28.65,0
5184,0,37.2,0
5185,1,52.2,0
5186,0,0,0
5187,0,23.38,0
5188,1,59.25,0
5189,0,9.54,0
5190,0,21.58,0
5191,0,0,0
5192,1,66.37,0
5193,0,0,0
5194,0,0,0
5195,0,0,0
5196,0,0,0
5197,0,0,0
5198,0,0,0
5199,0,0,0
5200,0,0,0
5201,1,53.36,0
5202,1,50.98,0
5203,0,21.13,0
5204,0,35.08,0
5205,1,62.2,0
5206,1,51.78,0
5207,0,25.41,0
5208,0,47.07,0
5209,1,57.39,0
5210,1,84.84,0
5211,0,43.29,0
5212,0,0,0
5213,0,23.03,0
5214,1,72.25,0
5215,0,0,0
5216,0,0,0
5217,0,0,0
5218,0,0,0
5219,0,0,0
5220,0,0,0
5221,0,0,0
5222,0,0,0
5223,0,0,0
5224,0,0,0
5225,0,0,0
5226,0,34.7,0
5227,0,37.2,0
5228,0,49.7,0
5229,0,0,0
5230,0,32.31,0
5231,0,48.59,0
5232,0,38.83,0
5233,0,46.76,0
5234,0,25.41,0
5235,0,0,0
5236,0,38.59,0
5237,0,25.41,0
5238,1,73.84,0
5239,0,46.92,0
5240,0,22.28,0
5241,0,0,0
5242,1,59.7,0
5243,0,0,0
5244,0,0,0
5245,0,0,0
5246,0,0,0
5247,0,0,0
5248,0,40.32,0
5249,1,70.43,0
5250,0,0,0
5251,1,77.29,0
5252,0,36.43,0
5253,0,32.2,0
5254,0,0,0
5255,1,83.7,0
5256,1,69.8,0
5257,0,0,0
5258,0,21.58,0
5259,0,14.33,0
5260,1,71.44,0
5261,0,0,0
5262,0,0,0
5263,0,0,0
5264,0,0,0
5265,0,0,0
5266,0,0,0
5267,0,0,0
5268,0,0,0
5269,0,0,0
5270,0,0,0
5271,0,0,0
5272,0,17.56,0
5273,0,37.2,0
5274,0,47.32,0
5275,0,24.02,0
5276,0,0,0
5277,1,69.51,0
5278,0,38,0
5279,0,38.72,0
5280,0,43.7,0
5281,0,31.28,0
5282,0,0,0
5283,1,52.2,0
5284,0,0,0
5285,0,47.07,0
5286,1,95.4,0
5287,0,45.48,0
5288,0,0,0
5289,0,0,0
5290,0,21.58,0
5291,0,14.33,0
5292,1,96.58,0
5293,0,0,0
5294,0,0,0
5295,0,0,0
5296,0,0,0
5297,0,0,0
5298,0,0,0
5299,0,0,0
5300,0,0,0
5301,0,0,0
5302,0,0,0
5303,0,0,0
5304,0,0,0
5305,0,0,0
5306,0,0,0
5307,0,0,0
5308,0,0,0
5309,0,0,0
5310,0,0,0
5311,0,0,0
5312,0,0,0
5313,0,0,0
5314,0,0,0
5315,0,0,0
5316,0,39.23,0
5317,1,70.53,0
5318,0,37.2,0
5319,0,40.61,0
5320,0,45.85,0
5321,0,0,0
5322,0,0,0
5323,0,0,0
5324,1,50.52,0
5325,1,53.7,0
5326,0,39.7,0
5327,0,38,0
5328,1,53.36,0
5329,0,38.59,0
5330,0,43.7,0
5331,0,22.2,0
5332,0,30.13,0
5333,0,0,0
5334,0,48.54,0
5335,0,0,0
5336,0,0,0
5337,1,60.26,0
5338,0,0,0
5339,1,81.37,0
5340,1,58.16,0
5341,0,18.57,0
5342,0,25.15,0
5343,0,0,0
5344,1,80.13,0
5345,0,0,0
5346,0,0,0
5347,0,0,0
5348,0,0,0
5349,0,0,0
5350,0,0,0
5351,0,0,0
5352,0,0,0
5353,0,0,0
5354,0,0,0
5355,0,0,0
5356,0,24.02,0
5357,0,26.78,0
5358,1,58.52,0
5359,0,0,0
5360,0,32.31,0
5361,0,48.59,0
5362,0,45.7,0
5363,0,37.63,0
5364,0,25.41,0
5365,0,0,0
5366,0,38.59,0
5367,0,21.65,0
5368,1,89.02,0
5369,0,30.87,0
5370,0,17.24,0
5371,0,0,0
5372,0,23.03,0
5373,1,65.08,0
5374,1,64.28,0
5375,0,0,0
5376,0,0,0
5377,0,0,0
5378,0,0,0
5379,0,0,0
5380,0,0,0
5381,0,0,0
5382,0,0,0
5383,0,0,0
5384,0,0,0
5385,0,0,0
5386,0,0,0
5387,0,0,0
5388,0,0,0
5389,0,0,0
5390,0,0,0
5391,0,0,0
5392,0,0,0
5393,0,0,0
5394,0,0,0
5395,0,0,0
5396,0,0,0
5397,0,0,0
5398,1,52.08,0
5399,0,37.2,0
5400,1,53.87,0
5401,0,37.2,0
5402,1,72.43,0
5403,0,0,0
5404,0,0,0
5405,0,0,0
5406,0,30.87,0
5407,1,80.13,0
5408,0,36.43,0
5409,0,38,0
5410,0,46.21,0
5411,1,53.36,0
5412,0,38.59,0
5413,0,43.7,0
5414,0,22.2,0
5415,1,51.22,0
5416,0,0,0
5417,0,0,0
5418,0,0,0
5419,0,0,0
5420,0,47.98,0
5421,0,42.8,0
5422,0,45.41,0
5423,0,0,0
5424,1,71.29,0
5425,0,0,0
5426,0,0,0
5427,0,23.03,0
5428,1,65.74,0
5429,0,0,0
5430,0,0,0
5431,0,0,0
5432,0,0,0
5433,0,0,0
5434,0,0,0
5435,0,0,0
5436,0,0,0
5437,0,0,0
5438,0,0,0
5439,0,0,0
5440,0,18.93,0
5441,0,37.2,0
5442,0,47.32,0
5443,0,21.13,0
5444,0,0,0
5445,1,70.85,0
5446,0,49.7,0
5447,0,38.72,0
5448,0,34.08,0
5449,0,0,0
5450,1,52.2,0
5451,0,24.7,0
5452,1,81.37,0
5453,1,56.84,0
5454,0,0,0
5455,0,21.58,0
5456,0,0,0
5457,1,84.44,0
5458,0,0,0
5459,0,0,0
5460,0,0,0
5461,0,0,0
5462,0,0,0
5463,0,0,0
5464,0,0,0
5465,0,0,0
5466,0,0,0
5467,0,0,0
5468,0,0,0
5469,0,0,0
5470,0,0,0
5471,0,0,0
5472,0,0,0
5473,0,0,0
5474,0,45.53,0
5475,0,37.2,0
5476,1,70.43,0
5477,0,0,0
5478,0,0,0
5479,0,46.13,0
5480,0,48.59,0
5481,0,45.7,0
5482,0,43.18,0
5483,0,46.21,0
5484,0,40.32,0
5485,0,15.7,0
5486,0,26.37,0
5487,1,50.92,0
5488,0,0,0
5489,1,57.39,0
5490,0,48.42,0
5491,1,80.47,0
5492,0,38.41,0
5493,0,0,0
5494,0,20.91,0
5495,1,62.2,0
5496,0,18.22,0
5497,0,0,0
5498,0,0,0
5499,0,0,0
5500,0,0,0
5501,0,0,0
5502,0,0,0
5503,0,0,0
5504,0,0,0
5505,0,0,0
5506,0,0,0
5507,0,17.56,0
5508,0,34.32,0
5509,0,44.7,0
5510,0,27.91,0
5511,0,0,0
5512,1,72.25,0
5513,0,42.29,0
5514,0,35.6,0
5515,0,34.84,0
5516,0,0,0
5517,0,42.56,0
5518,0,25.41,0
5519,1,67.14,0
5520,1,65.61,0
5521,0,0,0
5522,0,20.29,0
5523,0,46.87,0
5524,0,34.32,0
5525,0,0,0
5526,0,0,0
5527,0,44.38,0
5528,0,0,0
5529,0,0,0
5530,0,0,0
5531,0,0,0
5532,0,13.99,0
5533,1,51.7,0
5534,1,72.43,0
5535,0,0,0
5536,0,46.28,0
5537,0,31.13,0
5538,0,15.61,0
5539,1,50.76,0
5540,0,0,0
5541,1,71.13,0
5542,1,86,0
5543,1,50.45,0
5544,0,0,0
5545,0,20.29,0
5546,1,55.02,0
5547,0,35.18,0
5548,0,0,0
5549,0,0,0
5550,0,0,0
5551,0,0,0
5552,0,0,0
5553,0,0,0
5554,0,0,0
5555,0,0,0
5556,0,0,0
5557,0,0,0
5558,0,14.85,0
5559,0,35.7,0
5560,0,0,0
5561,0,42.56,0
5562,0,0,0
5563,1,64.61,0
5564,0,22.15,0
5565,0,42.88,0
5566,0,40.32,0
5567,0,0,0
5568,0,42.56,0
5569,0,25.41,0
5570,0,0,0
5571,0,17.35,0
5572,0,0,0
5573,0,0,0
5574,0,0,0
5575,0,0,0
5576,0,0,0
5577,1,95.05,0
5578,1,100,0
5579,1,57.33,0
5580,0,19.7,0
5581,0,0,0
5582,1,55.51,0
5583,0,0,0
5584,0,0,0
5585,0,0,0
5586,1,76.7,0
5587,0,0,0
5588,0,18.93,0
5589,0,47.32,0
5590,0,25.41,0
5591,1,55.76,0
5592,1,51.7,0
5593,0,23.38,0
5594,0,31.84,0
5595,1,78.65,0
5596,1,95.05,0
5597,0,47.07,0
5598,1,90.21,0
5599,0,26.97,0
5600,0,0,0
5601,0,0,0
5602,0,21.58,0
5603,0,0,0
5604,1,81.4,0
5605,1,74.12,0
5606,0,0,0
5607,0,0,0
5608,0,0,0
5609,0,0,0
5610,0,0,0
5611,0,0,0
5612,0,0,0
5613,0,0,0
5614,0,0,0
5615,0,0,0
5616,0,0,0
5617,0,0,0
5618,0,0,0
5619,0,0,0
5620,0,0,0
5621,0,0,0
5622,0,0,0
5623,0,0,0
5624,0,0,0
5625,0,0,0
5626,0,0,0
5627,0,0,0
5628,0,0,0
5629,0,0,0
5630,0,0,0
5631,0,0,0
5632,0,0,0
5633,0,14.45,0
5634,0,0,0
5635,0,0,0
5636,0,0,0
5637,0,0,0
5638,0,17.56,0
5639,0,34.32,0
5640,0,37.2,0
5641,0,37.2,0
5642,1,70.53,0
5643,0,37.2,0
5644,0,26.97,0
5645,0,45.85,0
5646,0,0,0
5647,0,0,0
5648,0,0,0
5649,0,0,0
5650,0,38.89,0
5651,1,61.6,0
5652,0,19.7,0
5653,0,30.13,0
5654,0,27.91,0
5655,0,29.93,0
5656,0,37.8,0
5657,0,37.94,0
5658,0,0,0
5659,0,0,0
5660,0,16.37,0
5661,0,48.54,0
5662,0,0,0
5663,0,0,0
5664,0,0,0
5665,0,0,0
5666,0,0,0
5667,0,35.41,0
5668,0,0,0
5669,0,0,0
5670,1,70.07,0
5671,0,0,0
5672,1,95.05,0
5673,1,63.11,0
5674,1,81.11,0
5675,0,44.44,0
5676,0,0,0
5677,0,21.58,0
5678,0,0,0
5679,1,87.02,0
5680,0,0,0
5681,0,19.31,0
5682,0,0,0
5683,0,0,0
5684,0,0,0
5685,0,0,0
5686,0,0,0
5687,0,0,0
5688,0,0,0
5689,0,0,0
5690,0,0,0
5691,0,0,0
5692,0,0,0
5693,0,0,0
5694,0,0,0
5695,0,0,0
5696,0,0,0
5697,0,0,0
5698,0,0,0
5699,0,0,0
5700,0,20.63,0
5701,1,53.87,0
5702,1,53.87,0
5703,1,76.02,0
5704,0,0,0
5705,0,0,0
5706,0,40.61,0
5707,0,45.75,0
5708,0,31.52,0
5709,0,40.73,0
5710,1,53.75,0
5711,0,29.25,0
5712,0,0,0
5713,0,22.78,0
5714,0,45.35,0
5715,0,0,0
5716,0,0,0
5717,0,19.7,0
5718,0,48.09,0
5719,0,0,0
5720,1,95.05,0
5721,1,68.12,0
5722,1,60.72,0
5723,0,26.82,0
5724,0,21.92,0
5725,0,0,0
5726,1,73.77,0
5727,0,0,0
5728,0,0,0
5729,0,0,0
5730,0,0,0
5731,0,0,0
5732,0,0,0
5733,0,0,0
5734,0,0,0
5735,0,0,0
5736,0,0,0
5737,0,0,0
5738,0,0,0
5739,0,0,0
5740,0,14.85,0
5741,1,51.7,0
5742,1,53.87,0
5743,1,72.43,0
5744,0,0,0
5745,0,0,0
5746,1,69.51,0
5747,0,45.7,0
5748,0,27.91,0
5749,0,25.41,0
5750,0,30.73,0
5751,1,53.03,0
5752,0,0,0
5753,0,24.7,0
5754,0,0,0
5755,0,0,0
5756,0,0,0
5757,0,27.39,0
5758,0,0,0
5759,0,17.88,0
5760,0,0,0
5761,0,0,0
5762,0,0,0
5763,0,0,0
5764,1,60.57,0
5765,0,25.63,0
5766,0,42.2,0
5767,0,0,0
5768,1,68.45,0
5769,0,23.51,0
5770,0,0,0
5771,0,0,0
5772,0,0,0
5773,0,0,0
5774,0,43.45,0
5775,0,33.03,0
5776,0,0,0
5777,0,0,0
5778,0,0,0
5779,0,44.14,0
5780,1,85.91,0
5781,0,0,0
5782,1,67.44,0
5783,0,0,0
5784,0,0,0
5785,0,0,0
5786,1,62.2,0
5787,0,24.7,0
5788,0,0,0
5789,0,0,0
5790,0,46.58,0
5791,0,0,0
5792,0,0,0
5793,1,65.41,0
5794,0,0,0
5795,0,0,0
5796,0,0,0
5797,0,48.35,0
5798,1,59.7,0
5799,0,0,0
5800,0,0,0
5801,0,0,0
5802,0,0,0
5803,1,60.99,0
5804,0,0,0
5805,0,0,0
5806,1,51.22,0
5807,0,0,0
5808,0,0,0
5809,1,64.41,0
5810,0,33.7,0
5811,0,0,0
5812,0,0,0
5813,1,64.41,0
5814,0,26.53,0
5815,0,0,0
5816,0,0,0
5817,0,0,0
5818,0,15.77,0
5819,0,43.34,0
5820,0,0,0
5821,0,0,0
5822,0,26.37,0
5823,0,0,0
5824,0,0,0
5825,0,0,0
5826,1,76.17,0
5827,0,18.75,0
5828,0,0,0
5829,1,63.99,0
5830,1,63.34,0
5831,0,18.85,0
5832,0,0,0
5833,0,49.7,0
5834,0,0,0
5835,0,0,0
5836,0,0,0
5837,1,61.86,0
5838,0,23.84,0
5839,0,15.98,0
5840,0,0,0
5841,1,69.7,0
5842,1,50.86,0
5843,1,67.12,0
5844,0,49.7,0
5845,0,0,0
5846,0,17.88,0
5847,0,0,0
5848,0,0,0
5849,1,76.17,0
5850,0,0,0
5851,0,33.79,0
5852,0,0,0
5853,0,17.88,0
5854,0,0,0
5855,0,0,0
5856,0,33.85,0
5857,0,0,0
5858,0,0,0
5859,0,0,0
5860,0,0,0
5861,0,0,0
5862,1,80.95,0
5863,0,0,0
5864,0,0,0
5865,1,71.13,0
5866,0,0,0
5867,0,0,0
5868,0,37.2,0
5869,0,37.54,0
5870,1,57.59,0
5871,1,55.51,0
5872,0,0,0
5873,0,0,0
5874,0,0,0
5875,0,0,0
5876,0,0,0
5877,1,73.89,0
5878,0,0,0
5879,0,0,0
5880,1,64.41,0
5881,0,0,0
5882,0,0,0
5883,0,0,0
5884,0,21.7,0
5885,0,0,0
5886,0,19.7,0
5887,0,0,0
5888,0,0,0
5889,0,0,0
5890,0,0,0
5891,0,49.7,0
5892,1,50.86,0
5893,0,0,0
5894,0,0,0
5895,0,0,0
5896,0,0,0
5897,0,25.7,0
5898,0,0,0
5899,1,71.13,0
5900,0,0,0
5901,0,33.79,0
5902,0,0,0
5903,0,17.35,0
5904,0,0,0
5905,0,26.12,0
5906,0,0,0
5907,0,17.88,0
5908,0,0,0
5909,0,0,0
5910,0,30.13,0
5911,0,0,0
5912,0,0,0
5913,0,0,0
5914,0,30.13,0
5915,0,0,0
5916,1,62.2,0
5917,0,0,0
5918,0,0,0
5919,1,69.4,0
5920,0,0,0
5921,0,0,0
5922,0,31.28,0
5923,0,0,0
5924,0,41.81,0
5925,1,77.48,0
5926,0,0,0
5927,0,0,0
5928,0,0,0
5929,0,30.47,0
5930,0,0,0
5931,0,0,0
5932,0,0,0
5933,1,65.41,0
5934,0,0,0
5935,0,11.9,0
5936,0,0,0
5937,1,65.22,0
5938,0,0,0
5939,1,63.34,0
5940,0,0,0
5941,0,0,0
5942,0,12.2,0
5943,0,0,0
5944,0,0,0
5945,0,44.94,0
5946,0,37.94,0
5947,0,0,0
5948,1,68.45,0
5949,0,0,0
5950,0,0,0
5951,0,0,0
5952,0,11.82,0
5953,0,23.23,0
5954,0,0,0
5955,0,0,0
5956,0,0,0
5957,0,0,0
5958,0,0,0
5959,0,0,0
5960,0,0,0
5961,0,0,0
5962,0,16.37,0
5963,0,0,0
5964,0,11.82,0
5965,1,81.7,0
5966,0,0,0
5967,0,0,0
5968,0,0,0
5969,0,31.41,0
5970,0,0,0
5971,1,62.2,0
5972,0,0,0
5973,0,0,0
5974,1,69.4,0
5975,0,18.45,0
5976,1,77.35,0
5977,0,0,0
5978,0,11.82,0
5979,0,0,0
5980,0,0,0
5981,0,0,0
5982,1,71.92,0
5983,0,0,0
5984,0,0,0
5985,1,84.55,0
5986,0,0,0
5987,1,84.99,0
5988,1,70.39,0
5989,0,38.16,0
5990,1,81.52,0
5991,1,64.11,0
5992,1,56.22,0
5993,1,67.35,0
5994,0,15.49,0
5995,0,0,0
5996,1,93.64,0
5997,1,82.7,0
5998,1,74.7,0
5999,1,65.22,0
6000,0,0,0
6001,1,72.11,0
6002,0,0,0
6003,1,65.41,0
6004,0,0,0
6005,0,18.22,0
6006,0,30,0
6007,1,67.44,0
6008,0,0,0
6009,0,0,0
6010,1,63.34,0
6011,0,0,0
6012,1,81.52,0
6013,1,66.37,0
6014,1,79.01,0
6015,0,34.08,0
6016,1,55.95,0
6017,0,0,0
6018,0,18.93,0
6019,0,0,0
6020,1,72.11,0
6021,0,25.1,0
6022,1,90.7,0
6023,0,49.7,0
6024,0,43.45,0
6025,0,21.7,0
6026,0,0,0
6027,1,72.11,0
6028,0,0,0
6029,1,63.34,0
6030,0,0,0
6031,0,17.88,0
6032,0,0,0
6033,0,0,0
6034,0,0,0
6035,0,26.12,0
6036,0,0,0
6037,1,59.27,0
6038,0,0,0
6039,1,77.7,0
6040,0,0,0
6041,1,60.81,0
6042,0,25.89,0
6043,1,52.89,0
6044,0,0,0
6045,0,36.06,0
6046,1,52.08,0
6047,1,51.22,0
6048,0,24.02,0
6049,0,28.65,0
6050,0,0,0
6051,0,0,0
6052,0,0,0
6053,0,0,0
6054,0,0,0
6055,0,45.85,0
6056,0,0,0
6057,1,53.03,0
6058,0,21.13,0
6059,0,21.92,0
6060,0,0,0
6061,0,0,0
6062,1,59.7,0
6063,0,36.06,0
6064,0,35.41,0
6065,0,0,0
6066,1,59.7,0
6067,0,36.06,0
6068,0,41.37,0
6069,0,0,0
6070,1,59.7,0
6071,0,36.06,0
6072,0,41.37,0
6073,0,0,0
6074,0,47.7,0
6075,0,36.06,0
6076,0,41.37,0
6077,0,0,0
6078,0,47.7,0
6079,0,36.06,0
6080,1,76.62,0
6081,0,11.6,0
6082,0,25.79,0
6083,0,0,0
6084,0,0,0
6085,0,5.41,0
6086,0,20.39,0
6087,0,0,0
6088,0,0,0
6089,0,26.37,0
6090,0,25.63,0
6091,0,0,0
6092,0,0,0
6093,0,0,0
6094,0,5.67,0
6095,0,22.78,0
6096,0,0,0
6097,0,0,0
6098,0,26.37,0
6099,0,27.7,0
6100,0,0,0
6101,0,0,0
6102,0,0,0
6103,0,5.03,0
6104,0,19.05,0
6105,0,0,0
6106,0,0,0
6107,0,26.37,0
6108,0,25.63,0
6109,0,0,0
6110,0,0,0
6111,0,0,0
6112,0,0,0
6113,0,47.7,0
6114,0,36.06,0
6115,0,41.37,0
6116,0,0,0
6117,1,59.7,0
6118,0,36.06,0
6119,0,38.16,0
6120,0,28.65,0
6121,0,16.37,0
6122,0,0,0
6123,0,0,0
6124,0,0,0
6125,0,0,0
6126,0,0,0
6127,0,0,0
6128,0,0,0
6129,0,34.7,0
6130,0,45.85,0
6131,0,0,0
6132,0,47.7,0
6133,0,36.06,0
6134,1,76.62,0
6135,0,0,0
6136,0,47.7,0
6137,0,36.06,0
6138,0,41.37,0
6139,0,0,0
6140,0,47.7,0
6141,0,36.06,0
6142,0,38.16,0
6143,0,0,0
6144,0,47.7,0
6145,0,36.06,0
6146,1,71.13,0
6147,1,53.15,0
6148,0,47.7,0
6149,0,36.06,0
6150,1,76.62,0
6151,0,0,0
6152,0,47.7,0
6153,0,36.06,0
6154,0,38.16,0
6155,0,0,0
6156,0,47.7,0
6157,0,36.06,0
6158,0,41.37,0
6159,0,0,0
6160,0,0,0
6161,0,49.7,0
6162,0,0,0
6163,1,51.87,0
6164,0,0,0
6165,0,0,0
6166,1,59.7,0
6167,0,36.06,0
6168,0,41.37,0
6169,0,0,0
6170,0,0,0
6171,0,12.91,0
6172,0,14.7,0
6173,0,47.7,0
6174,1,70.29,0
6175,0,0,0
6176,1,59.7,0
6177,0,36.06,0
6178,0,38.16,0
6179,0,0,0
6180,0,47.7,0
6181,0,36.06,0
6182,0,41.37,0
6183,0,0,0
6184,0,47.7,0
6185,0,36.06,0
6186,1,76.62,0
6187,1,90.71,0
6188,0,12.6,0
6189,0,0,0
6190,0,0,0
6191,0,33.74,0
6192,1,90.71,0
6193,0,0,0
6194,1,90.71,0
6195,0,0,0
6196,0,0,0
6197,1,95.21,0
6198,0,48.76,0
6199,1,83.03,0
6200,0,26.37,0
6201,0,0,0
6202,0,44.7,0
6203,0,0,0
6204,0,0,0
6205,0,0,0
6206,1,64.41,0
6207,0,0,0
6208,0,18.22,0
6209,0,12.2,0
6210,0,0,0
6211,0,0,0
6212,0,13.34,0
6213,0,0,0
6214,0,35.12,0
6215,0,0,0
6216,0,0,0
6217,0,0,0
6218,0,0,0
6219,1,95.3,0
6220,0,0,0
6221,0,0,0
6222,0,23.94,0
6223,0,0,0
6224,0,0,0
6225,0,0,0
6226,1,95.3,0
6227,0,0,0
6228,0,0,0
6229,0,0,0
6230,0,0,0
6231,1,95.26,0
6232,0,47.7,0
6233,0,0,0
6234,0,0,0
6235,0,0,0
6236,1,66.37,0
6237,0,0,0
6238,0,0,0
6239,0,20.75,0
6240,0,30.13,0
6241,0,0,0
6242,0,0,0
6243,1,88.71,0
6244,0,0,0
6245,0,0,0
6246,0,0,0
6247,0,0,0
6248,0,0,0
6249,0,0,0
6250,0,0,0
6251,0,0,0
6252,1,56.37,0
6253,0,0,0
6254,0,0,0
6255,0,0,0
6256,0,0,0
6257,0,0,0
6258,0,0,0
6259,1,85.64,0
6260,0,0,0
6261,0,0,0
6262,0,0,0
6263,0,0,0
6264,0,0,0
6265,0,0,0
6266,0,22.67,0
6267,0,0,0
6268,0,0,0
6269,1,91.81,0
6270,1,53.55,0
6271,1,81.52,0
6272,1,59.22,0
6273,0,0,0
6274,0,0,0
6275,0,0,0
6276,1,58.67,0
6277,0,13.49,0
6278,0,0,0
6279,0,0,0
6280,1,87.74,0
6281,0,17.65,0
6282,0,33.03,0
6283,0,0,0
6284,0,0,0
6285,1,73.84,0
6286,1,72.43,0
6287,0,0,0
6288,0,13.03,0
6289,0,0,0
6290,0,25.63,0
6291,0,0,0
6292,1,90.71,0
6293,0,0,0
6294,0,0,0
6295,0,0,0
6296,0,0,0
6297,0,0,0
6298,1,74.7,0
6299,0,0,0
6300,0,34.18,0
6301,0,0,0
6302,1,94.82,0
6303,1,85.18,0
6304,0,22.96,0
6305,1,58.52,0
6306,0,0,0
6307,0,0,0
6308,0,0,0
6309,0,0,0
6310,0,0,0
6311,0,0,0
6312,0,0,0
6313,0,0,0
6314,0,0,0
6315,0,0,0
6316,0,0,0
6317,0,0,0
6318,1,91.19,0
6319,0,0,0
6320,0,0,0
6321,0,35.77,0
6322,0,20.11,0
6323,0,0,0
6324,1,62.86,0
6325,0,33.03,0
6326,0,19.27,0
6327,0,26.09,0
6328,0,0,0
6329,1,88.71,0
6330,1,100,0
6331,0,32.39,0
6332,0,16.6,0
6333,0,0,0
6334,0,0,0
6335,0,0,0
6336,0,0,0
6337,0,45.29,0
6338,0,0,0
6339,1,88.71,0
6340,0,12.81,0
6341,0,0,0
6342,0,29.52,0
6343,0,0,0
6344,0,0,0
6345,0,38.83,0
6346,1,88.71,0
6347,0,8.79,0
6348,0,0,0
6349,1,88.4,0
6350,0,25.19,0
6351,0,19.7,0
6352,0,0,0
6353,1,69.4,0
6354,0,11.98,0
6355,0,0,0
6356,0,0,0
6357,0,0,0
6358,1,59.4,0
6359,1,66.37,0
6360,0,0,0
6361,0,0,0
6362,0,0,0
6363,0,0,0
6364,1,55.26,0
6365,0,0,0
6366,0,0,0
6367,0,21.92,0
6368,0,38.16,0
6369,1,58.79,0
6370,1,91.54,0
6371,1,88.71,0
6372,0,4.96,0
6373,0,0,0
6374,0,0,0
6375,0,27.36,0
6376,0,0,0
6377,1,64.22,0
6378,0,0,0
6379,0,0,0
6380,0,34.08,0
6381,0,32.05,0
6382,0,24.7,0
6383,0,0,0
6384,1,60.99,0
6385,0,0,0
6386,1,68.93,0
6387,0,43.03,0
6388,0,0,0
6389,1,64.41,0
6390,0,13.03,0
6391,0,42.32,0
6392,0,24.34,0
6393,0,0,0
6394,0,0,0
6395,1,87.74,0
6396,0,0,0
6397,1,93.11,0
6398,0,3.66,0
6399,0,0,0
6400,0,0,0
6401,0,18.93,0
6402,0,0,0
6403,0,0,0
6404,0,0,0
6405,1,81.52,0
6406,0,0,0
6407,1,95.21,0
6408,0,4.7,0
6409,0,0,0
6410,0,0,0
6411,1,51.13,0
6412,0,14.51,0
6413,0,0,0
6414,0,0,0
6415,0,0,0
6416,1,90.71,0
6417,0,0,0
6418,0,0,0
6419,1,80.7,0
6420,0,0,0
6421,1,100,0
6422,1,77.29,0
6423,0,12.52,0
6424,0,0,0
6425,0,30.73,0
6426,0,40.52,0
6427,0,0,0
6428,0,0,0
6429,0,0,0
6430,0,0,0
6431,1,63.99,0
6432,0,0,0
6433,0,0,0
6434,1,95.26,0
6435,0,33.85,0
6436,0,0,0
6437,0,47.39,0
6438,0,23.77,0
6439,0,0,0
6440,0,26.02,0
6441,0,0,0
6442,0,28.27,0
6443,0,0,0
6444,0,0,0
6445,1,95.3,0
6446,0,7.75,0
6447,0,40.28,0
6448,0,0,0
6449,1,52.33,0
6450,1,88.71,0
6451,0,18.93,0
6452,0,0,0
6453,0,0,0
6454,0,34.7,0
6455,0,24.09,0
6456,0,0,0
6457,0,0,0
6458,0,31.28,0
6459,0,21.44,0
6460,1,56.37,0
6461,0,0,0
6462,1,86.8,0
6463,0,0,0
6464,0,0,0
6465,0,0,0
6466,0,0,0
6467,1,88.71,0
6468,0,0,0
6469,0,0,0
6470,0,0,0
6471,0,31.13,0
6472,0,0,0
6473,0,0,0
6474,0,34.58,0
6475,1,87.74,0
6476,0,0,0
6477,0,0,0
6478,1,67.27,0
6479,0,27.29,0
6480,0,31.96,0
6481,0,0,0
6482,1,88.71,0
6483,0,5.11,0
6484,0,0,0
6485,0,38.16,0
6486,1,81.33,0
6487,0,0,0
6488,0,25.41,0
6489,0,0,0
6490,0,30.61,0
6491,0,30.13,0
6492,0,30.26,0
6493,0,33.03,0
6494,0,0,0
6495,0,40.44,0
6496,0,0,0
6497,0,0,0
6498,1,68.12,0
6499,0,22.62,0
6500,0,0,0
6501,0,33.99,0
6502,0,0,0
6503,0,0,0
6504,0,21.65,0
6505,0,49.7,0
6506,1,69.4,0
6507,1,55.95,0
6508,0,0,0
6509,0,0,0
6510,0,17.88,0
6511,0,0,0
6512,0,0,0
6513,0,0,0
6514,0,0,0
6515,1,59.7,0
6516,0,0,0
6517,0,0,0
6518,0,0,0
6519,1,95.3,0
6520,0,7.7,0
6521,0,0,0
6522,0,32.58,0
6523,0,0,0
6524,0,0,0
6525,1,86.8,0
6526,0,0,0
6527,0,0,0
6528,1,93.11,0
6529,0,0,0
6530,0,21.92,0
6531,0,30.95,0
6532,0,19.7,0
6533,0,0,0
6534,0,0,0
6535,0,0,0
6536,0,0,0
6537,0,27.48,0
6538,0,0,0
6539,0,0,0
6540,0,0,0
6541,0,32.05,0
6542,0,0,0
6543,0,0,0
6544,1,70.85,0
6545,1,53.75,0
6546,0,15.26,0
6547,0,0,0
6548,1,76.84,0
6549,0,0,0
6550,0,0,0
6551,0,0,0
6552,1,55.26,0
6553,0,12.2,0
6554,0,18.12,0
6555,0,45.85,0
6556,0,0,0
6557,0,0,0
6558,1,52.64,0
6559,0,21.32,0
6560,0,30.95,0
6561,0,24.02,0
6562,0,0,0
6563,0,40.88,0
6564,0,0,0
6565,0,0,0
6566,0,24.02,0
6567,0,0,0
6568,0,0,0
6569,0,35.41,0
6570,0,32.58,0
6571,0,0,0
6572,0,0,0
6573,1,86.8,0
6574,0,0,0
6575,0,0,0
6576,1,93.11,0
6577,0,0,0
6578,0,21.92,0
6579,0,30.95,0
6580,0,19.7,0
6581,0,0,0
6582,0,0,0
6583,0,0,0
6584,0,0,0
6585,0,27.48,0
6586,0,0,0
6587,0,0,0
6588,0,0,0
6589,0,32.05,0
6590,0,0,0
6591,0,0,0
6592,1,70.85,0
6593,1,53.75,0
6594,0,15.26,0
6595,0,0,0
6596,1,76.84,0
6597,0,0,0
6598,0,0,0
6599,0,0,0
6600,1,55.26,0
6601,0,12.2,0
6602,0,18.12,0
6603,0,45.85,0
6604,0,0,0
6605,0,0,0
6606,1,52.64,0
6607,0,21.32,0
6608,0,30.95,0
6609,0,24.02,0
6610,0,0,0
6611,0,40.88,0
6612,0,0,0
6613,0,0,0
6614,0,24.02,0
6615,0,0,0
6616,0,0,0
6617,0,35.41,0
